-- phpMyAdmin SQL Dump
-- version 4.5.4.1deb2ubuntu2.1
-- http://www.phpmyadmin.net
--
-- Máy chủ: localhost
-- Thời gian đã tạo: Th3 30, 2019 lúc 09:54 PM
-- Phiên bản máy phục vụ: 5.7.25-0ubuntu0.16.04.2
-- Phiên bản PHP: 7.0.33-0ubuntu0.16.04.2

SET SQL_MODE = "NO_AUTO_VALUE_ON_ZERO";
SET time_zone = "+00:00";


/*!40101 SET @OLD_CHARACTER_SET_CLIENT=@@CHARACTER_SET_CLIENT */;
/*!40101 SET @OLD_CHARACTER_SET_RESULTS=@@CHARACTER_SET_RESULTS */;
/*!40101 SET @OLD_COLLATION_CONNECTION=@@COLLATION_CONNECTION */;
/*!40101 SET NAMES utf8mb4 */;

--
-- Cơ sở dữ liệu: `mobishop`
--

-- --------------------------------------------------------

--
-- Cấu trúc bảng cho bảng `admin`
--

CREATE TABLE `admin` (
  `email` varchar(255) COLLATE utf8_unicode_ci NOT NULL,
  `password` varchar(255) COLLATE utf8_unicode_ci NOT NULL
) ENGINE=InnoDB DEFAULT CHARSET=utf8 COLLATE=utf8_unicode_ci;

--
-- Đang đổ dữ liệu cho bảng `admin`
--

INSERT INTO `admin` (`email`, `password`) VALUES
('admin@gmail.com', 'c4ca4238a0b923820dcc509a6f75849b');

-- --------------------------------------------------------

--
-- Cấu trúc bảng cho bảng `giohang`
--

CREATE TABLE `giohang` (
  `id` int(10) NOT NULL,
  `iduser` int(10) NOT NULL,
  `tensanpham` varchar(255) COLLATE utf8_unicode_ci NOT NULL,
  `idsanpham` int(10) NOT NULL,
  `soluong` int(10) NOT NULL,
  `gia` int(10) NOT NULL,
  `tongtien` int(10) NOT NULL,
  `ngaydat` timestamp NOT NULL DEFAULT CURRENT_TIMESTAMP ON UPDATE CURRENT_TIMESTAMP
) ENGINE=InnoDB DEFAULT CHARSET=utf8 COLLATE=utf8_unicode_ci;

--
-- Đang đổ dữ liệu cho bảng `giohang`
--

INSERT INTO `giohang` (`id`, `iduser`, `tensanpham`, `idsanpham`, `soluong`, `gia`, `tongtien`, `ngaydat`) VALUES
(1, 1, 'SamSung Galaxy A9 2018', 1, 3, 15000000, 45000000, '2018-12-30 09:56:09'),
(2, 1, 'iPad 2018 WiFi 32GB', 39, 2, 8990000, 17980000, '2018-12-30 09:56:28'),
(3, 1, 'Dell Vostro 3568/Core i3-7020U/VTI32072W ', 19, 1, 11390000, 11390000, '2018-12-30 09:56:28'),
(6, 3, 'iPad Pro 11 WI-FI 64GB', 41, 1, 21990000, 21990000, '2018-12-30 09:56:53'),
(7, 3, 'Nokia 3310', 9, 2, 700000, 1400000, '2018-12-30 09:56:53'),
(8, 5, 'SamSung Galaxy A9 2018', 1, 4, 15000000, 60000000, '2019-01-02 04:52:54'),
(9, 5, 'iPad 2018 WiFi 32GB', 39, 2, 8990000, 17980000, '2019-01-02 16:53:36'),
(10, 5, 'Dell Vostro 3568/Core i3-7020U/VTI32072W ', 19, 1, 11390000, 11390000, '2019-01-02 04:49:01');

-- --------------------------------------------------------

--
-- Cấu trúc bảng cho bảng `loaisanpham`
--

CREATE TABLE `loaisanpham` (
  `id` int(10) NOT NULL,
  `idMatHang` int(10) NOT NULL,
  `ten` varchar(255) COLLATE utf8_unicode_ci NOT NULL
) ENGINE=InnoDB DEFAULT CHARSET=utf8 COLLATE=utf8_unicode_ci;

--
-- Đang đổ dữ liệu cho bảng `loaisanpham`
--

INSERT INTO `loaisanpham` (`id`, `idMatHang`, `ten`) VALUES
(1, 1, 'Android'),
(2, 1, 'Iphone'),
(3, 1, 'Cục Gạch'),
(4, 2, 'DELL'),
(5, 2, 'HP'),
(6, 2, 'MAC'),
(7, 2, 'ASUS'),
(8, 3, 'Ipad'),
(9, 3, 'Masstel'),
(10, 3, 'SamSung');

-- --------------------------------------------------------

--
-- Cấu trúc bảng cho bảng `mathang`
--

CREATE TABLE `mathang` (
  `id` int(10) NOT NULL,
  `ten` varchar(255) COLLATE utf8_unicode_ci NOT NULL
) ENGINE=InnoDB DEFAULT CHARSET=utf8 COLLATE=utf8_unicode_ci;

--
-- Đang đổ dữ liệu cho bảng `mathang`
--

INSERT INTO `mathang` (`id`, `ten`) VALUES
(1, 'Điện Thoại'),
(2, 'Máy Tính'),
(3, 'Tablet');

-- --------------------------------------------------------

--
-- Cấu trúc bảng cho bảng `sanpham`
--

CREATE TABLE `sanpham` (
  `id` int(10) NOT NULL,
  `idLoaiSanPham` int(10) NOT NULL,
  `tieude` varchar(255) COLLATE utf8_unicode_ci NOT NULL,
  `noidung` longtext COLLATE utf8_unicode_ci NOT NULL,
  `image` varchar(255) COLLATE utf8_unicode_ci NOT NULL,
  `gia` int(10) NOT NULL,
  `tomtat` longtext COLLATE utf8_unicode_ci
) ENGINE=InnoDB DEFAULT CHARSET=utf8 COLLATE=utf8_unicode_ci;

--
-- Đang đổ dữ liệu cho bảng `sanpham`
--

INSERT INTO `sanpham` (`id`, `idLoaiSanPham`, `tieude`, `noidung`, `image`, `gia`, `tomtat`) VALUES
(1, 1, 'SamSung Galaxy A9 2018', ' <h1 style="text-align: center">Đánh giá chi tiết Samsung Galaxy Note 9 512GB</h1>\r\n    <p style="font-size: 22px;"><span style="color: blue">Samsung Note 9 512GB Blue </span>là chiếc điện thoại hoàn hảo nhất hiện nay với tất cả \r\ncác tính năng đều xuất sắc và bút S Pen thông minh hơn bao giờ hết.</p>\r\n    <h2>Trợ lý đắc lực S Pen</h2>\r\n    <p style="font-size: 22px;">S Pen trên Galaxy Note 9 512GB không chỉ mang lại cảm giác ghi chú, \r\n    viết vẽ như thật mà nó còn có rất nhiều tính năng hữu ích. Lần đầu tiên S Pen được kết nối Bluetooth với Note 9. Nhờ thế bạn có thể điều khiển nhạc, chụp ảnh từ xa, điều khiển bài thuyết trình và nhiều tác vụ thông minh khác bằng S Pen. S Pen sẽ là người trợ lý đắc lực cho bạn để thực hiện những thao tác nhanh và tiện lợi chỉ có ở Note9.</p>\r\n    <h2>Màn hình phá vỡ mọi khuôn khổ giới hạn</h2>\r\n    <p style="font-size: 22px;">Note9 phiên bản 512GB là chiếc Galaxy Note có màn hình lớn nhất từ trước đến nay với màn hình vô cực 6,4 inch độ phân giải Quad HD siêu sắc nét. Đây là màn hình được DisplayMate đánh giá là xuất sắc nhất thế giới smartphone hiện tại khi sở hữu độ chi tiết, độ sáng, độ tương phản vượt trội cùng màu sắc chính xác tuyệt đối. Tất cả các nội dung được hiển thị trên chiếc Galaxy Note 9 đều có chất lượng đỉnh cao, mang đến trải nghiệm xem tuyệt vời trong một chiếc máy thời trang nằm gọn hoàn hảo trong lòng bàn tay bạn.</p>\r\n    <h2>Tuyệt tác của thiết kế</h2>\r\n    <p style="font-size: 22px;">Samsung Note 9 có một vẻ đẹp thuần khiết với sự đơn giản và các đường nét sắc sảo trong thiết kế. Phần khung kim loại cứng cáp hoàn toàn liền lạc với hai mặt kính cong 3D, tạo nên một chiếc máy thoải mái kể cả khi bạn cầm nắm sử dụng bình thường cũng như khi thao tác với bút S Pen.</p>', 'samsung-galaxy-a9.png', 15000000, 'Lorem ipsum dolor sit amet, consectetur adipisicing elit. Aliquid, quo, minima, inventore voluptatum saepe quos nostrum provident.'),
(2, 1, 'SamSung Galaxy J4', ' <h1 style="text-align: center">Đánh giá chi tiết Samsung Galaxy Note 9 512GB</h1>\r\n    <p style="font-size: 22px;"><span style="color: blue">Samsung Note 9 512GB Blue </span>là chiếc điện thoại hoàn hảo nhất hiện nay với tất cả \r\ncác tính năng đều xuất sắc và bút S Pen thông minh hơn bao giờ hết.</p>\r\n    <h2>Trợ lý đắc lực S Pen</h2>\r\n    <p style="font-size: 22px;">S Pen trên Galaxy Note 9 512GB không chỉ mang lại cảm giác ghi chú, \r\n    viết vẽ như thật mà nó còn có rất nhiều tính năng hữu ích. Lần đầu tiên S Pen được kết nối Bluetooth với Note 9. Nhờ thế bạn có thể điều khiển nhạc, chụp ảnh từ xa, điều khiển bài thuyết trình và nhiều tác vụ thông minh khác bằng S Pen. S Pen sẽ là người trợ lý đắc lực cho bạn để thực hiện những thao tác nhanh và tiện lợi chỉ có ở Note9.</p>\r\n    <h2>Màn hình phá vỡ mọi khuôn khổ giới hạn</h2>\r\n    <p style="font-size: 22px;">Note9 phiên bản 512GB là chiếc Galaxy Note có màn hình lớn nhất từ trước đến nay với màn hình vô cực 6,4 inch độ phân giải Quad HD siêu sắc nét. Đây là màn hình được DisplayMate đánh giá là xuất sắc nhất thế giới smartphone hiện tại khi sở hữu độ chi tiết, độ sáng, độ tương phản vượt trội cùng màu sắc chính xác tuyệt đối. Tất cả các nội dung được hiển thị trên chiếc Galaxy Note 9 đều có chất lượng đỉnh cao, mang đến trải nghiệm xem tuyệt vời trong một chiếc máy thời trang nằm gọn hoàn hảo trong lòng bàn tay bạn.</p>\r\n    <h2>Tuyệt tác của thiết kế</h2>\r\n    <p style="font-size: 22px;">Samsung Note 9 có một vẻ đẹp thuần khiết với sự đơn giản và các đường nét sắc sảo trong thiết kế. Phần khung kim loại cứng cáp hoàn toàn liền lạc với hai mặt kính cong 3D, tạo nên một chiếc máy thoải mái kể cả khi bạn cầm nắm sử dụng bình thường cũng như khi thao tác với bút S Pen.</p>', '54786458-1-pdpxl.jpeg', 3400000, 'Lorem ipsum dolor sit amet, consectetur adipisicing elit. Aliquid, quo, minima, inventore voluptatum saepe quos nostrum provident.'),
(3, 1, 'Huawei Y6 Prime', ' <h1 style="text-align: center">Đánh giá chi tiết Samsung Galaxy Note 9 512GB</h1>\r\n    <p style="font-size: 22px;"><span style="color: blue">Samsung Note 9 512GB Blue </span>là chiếc điện thoại hoàn hảo nhất hiện nay với tất cả \r\ncác tính năng đều xuất sắc và bút S Pen thông minh hơn bao giờ hết.</p>\r\n    <h2>Trợ lý đắc lực S Pen</h2>\r\n    <p style="font-size: 22px;">S Pen trên Galaxy Note 9 512GB không chỉ mang lại cảm giác ghi chú, \r\n    viết vẽ như thật mà nó còn có rất nhiều tính năng hữu ích. Lần đầu tiên S Pen được kết nối Bluetooth với Note 9. Nhờ thế bạn có thể điều khiển nhạc, chụp ảnh từ xa, điều khiển bài thuyết trình và nhiều tác vụ thông minh khác bằng S Pen. S Pen sẽ là người trợ lý đắc lực cho bạn để thực hiện những thao tác nhanh và tiện lợi chỉ có ở Note9.</p>\r\n    <h2>Màn hình phá vỡ mọi khuôn khổ giới hạn</h2>\r\n    <p style="font-size: 22px;">Note9 phiên bản 512GB là chiếc Galaxy Note có màn hình lớn nhất từ trước đến nay với màn hình vô cực 6,4 inch độ phân giải Quad HD siêu sắc nét. Đây là màn hình được DisplayMate đánh giá là xuất sắc nhất thế giới smartphone hiện tại khi sở hữu độ chi tiết, độ sáng, độ tương phản vượt trội cùng màu sắc chính xác tuyệt đối. Tất cả các nội dung được hiển thị trên chiếc Galaxy Note 9 đều có chất lượng đỉnh cao, mang đến trải nghiệm xem tuyệt vời trong một chiếc máy thời trang nằm gọn hoàn hảo trong lòng bàn tay bạn.</p>\r\n    <h2>Tuyệt tác của thiết kế</h2>\r\n    <p style="font-size: 22px;">Samsung Note 9 có một vẻ đẹp thuần khiết với sự đơn giản và các đường nét sắc sảo trong thiết kế. Phần khung kim loại cứng cáp hoàn toàn liền lạc với hai mặt kính cong 3D, tạo nên một chiếc máy thoải mái kể cả khi bạn cầm nắm sử dụng bình thường cũng như khi thao tác với bút S Pen.</p>', '636621870135147854_y69-prime-1.png', 2990000, 'Lorem ipsum dolor sit amet, consectetur adipisicing elit. Aliquid, quo, minima, inventore voluptatum saepe quos nostrum provident.'),
(4, 1, 'Huawei Y9 (2019)', ' <h1 style="text-align: center">Đánh giá chi tiết Samsung Galaxy Note 9 512GB</h1>\r\n    <p style="font-size: 22px;"><span style="color: blue">Samsung Note 9 512GB Blue </span>là chiếc điện thoại hoàn hảo nhất hiện nay với tất cả \r\ncác tính năng đều xuất sắc và bút S Pen thông minh hơn bao giờ hết.</p>\r\n    <h2>Trợ lý đắc lực S Pen</h2>\r\n    <p style="font-size: 22px;">S Pen trên Galaxy Note 9 512GB không chỉ mang lại cảm giác ghi chú, \r\n    viết vẽ như thật mà nó còn có rất nhiều tính năng hữu ích. Lần đầu tiên S Pen được kết nối Bluetooth với Note 9. Nhờ thế bạn có thể điều khiển nhạc, chụp ảnh từ xa, điều khiển bài thuyết trình và nhiều tác vụ thông minh khác bằng S Pen. S Pen sẽ là người trợ lý đắc lực cho bạn để thực hiện những thao tác nhanh và tiện lợi chỉ có ở Note9.</p>\r\n    <h2>Màn hình phá vỡ mọi khuôn khổ giới hạn</h2>\r\n    <p style="font-size: 22px;">Note9 phiên bản 512GB là chiếc Galaxy Note có màn hình lớn nhất từ trước đến nay với màn hình vô cực 6,4 inch độ phân giải Quad HD siêu sắc nét. Đây là màn hình được DisplayMate đánh giá là xuất sắc nhất thế giới smartphone hiện tại khi sở hữu độ chi tiết, độ sáng, độ tương phản vượt trội cùng màu sắc chính xác tuyệt đối. Tất cả các nội dung được hiển thị trên chiếc Galaxy Note 9 đều có chất lượng đỉnh cao, mang đến trải nghiệm xem tuyệt vời trong một chiếc máy thời trang nằm gọn hoàn hảo trong lòng bàn tay bạn.</p>\r\n    <h2>Tuyệt tác của thiết kế</h2>\r\n    <p style="font-size: 22px;">Samsung Note 9 có một vẻ đẹp thuần khiết với sự đơn giản và các đường nét sắc sảo trong thiết kế. Phần khung kim loại cứng cáp hoàn toàn liền lạc với hai mặt kính cong 3D, tạo nên một chiếc máy thoải mái kể cả khi bạn cầm nắm sử dụng bình thường cũng như khi thao tác với bút S Pen.</p>', '636741631812440325_huaweiy9-xanh-1.jpg', 5490000, 'Lorem ipsum dolor sit amet, consectetur adipisicing elit. Aliquid, quo, minima, inventore voluptatum saepe quos nostrum provident.'),
(5, 1, 'Huawei Mate 20 Pro', ' <h1 style="text-align: center">Đánh giá chi tiết Samsung Galaxy Note 9 512GB</h1>\r\n    <p style="font-size: 22px;"><span style="color: blue">Samsung Note 9 512GB Blue </span>là chiếc điện thoại hoàn hảo nhất hiện nay với tất cả \r\ncác tính năng đều xuất sắc và bút S Pen thông minh hơn bao giờ hết.</p>\r\n    <h2>Trợ lý đắc lực S Pen</h2>\r\n    <p style="font-size: 22px;">S Pen trên Galaxy Note 9 512GB không chỉ mang lại cảm giác ghi chú, \r\n    viết vẽ như thật mà nó còn có rất nhiều tính năng hữu ích. Lần đầu tiên S Pen được kết nối Bluetooth với Note 9. Nhờ thế bạn có thể điều khiển nhạc, chụp ảnh từ xa, điều khiển bài thuyết trình và nhiều tác vụ thông minh khác bằng S Pen. S Pen sẽ là người trợ lý đắc lực cho bạn để thực hiện những thao tác nhanh và tiện lợi chỉ có ở Note9.</p>\r\n    <h2>Màn hình phá vỡ mọi khuôn khổ giới hạn</h2>\r\n    <p style="font-size: 22px;">Note9 phiên bản 512GB là chiếc Galaxy Note có màn hình lớn nhất từ trước đến nay với màn hình vô cực 6,4 inch độ phân giải Quad HD siêu sắc nét. Đây là màn hình được DisplayMate đánh giá là xuất sắc nhất thế giới smartphone hiện tại khi sở hữu độ chi tiết, độ sáng, độ tương phản vượt trội cùng màu sắc chính xác tuyệt đối. Tất cả các nội dung được hiển thị trên chiếc Galaxy Note 9 đều có chất lượng đỉnh cao, mang đến trải nghiệm xem tuyệt vời trong một chiếc máy thời trang nằm gọn hoàn hảo trong lòng bàn tay bạn.</p>\r\n    <h2>Tuyệt tác của thiết kế</h2>\r\n    <p style="font-size: 22px;">Samsung Note 9 có một vẻ đẹp thuần khiết với sự đơn giản và các đường nét sắc sảo trong thiết kế. Phần khung kim loại cứng cáp hoàn toàn liền lạc với hai mặt kính cong 3D, tạo nên một chiếc máy thoải mái kể cả khi bạn cầm nắm sử dụng bình thường cũng như khi thao tác với bút S Pen.</p>', '636753320259321737_huawei-mate20-pro-xanhla-1.jpg', 21990000, 'Lorem ipsum dolor sit amet, consectetur adipisicing elit. Aliquid, quo, minima, inventore voluptatum saepe quos nostrum provident.'),
(6, 1, 'Xiaomi Redmi S2 32GB', ' <h1 style="text-align: center">Đánh giá chi tiết Samsung Galaxy Note 9 512GB</h1>\r\n    <p style="font-size: 22px;"><span style="color: blue">Samsung Note 9 512GB Blue </span>là chiếc điện thoại hoàn hảo nhất hiện nay với tất cả \r\ncác tính năng đều xuất sắc và bút S Pen thông minh hơn bao giờ hết.</p>\r\n    <h2>Trợ lý đắc lực S Pen</h2>\r\n    <p style="font-size: 22px;">S Pen trên Galaxy Note 9 512GB không chỉ mang lại cảm giác ghi chú, \r\n    viết vẽ như thật mà nó còn có rất nhiều tính năng hữu ích. Lần đầu tiên S Pen được kết nối Bluetooth với Note 9. Nhờ thế bạn có thể điều khiển nhạc, chụp ảnh từ xa, điều khiển bài thuyết trình và nhiều tác vụ thông minh khác bằng S Pen. S Pen sẽ là người trợ lý đắc lực cho bạn để thực hiện những thao tác nhanh và tiện lợi chỉ có ở Note9.</p>\r\n    <h2>Màn hình phá vỡ mọi khuôn khổ giới hạn</h2>\r\n    <p style="font-size: 22px;">Note9 phiên bản 512GB là chiếc Galaxy Note có màn hình lớn nhất từ trước đến nay với màn hình vô cực 6,4 inch độ phân giải Quad HD siêu sắc nét. Đây là màn hình được DisplayMate đánh giá là xuất sắc nhất thế giới smartphone hiện tại khi sở hữu độ chi tiết, độ sáng, độ tương phản vượt trội cùng màu sắc chính xác tuyệt đối. Tất cả các nội dung được hiển thị trên chiếc Galaxy Note 9 đều có chất lượng đỉnh cao, mang đến trải nghiệm xem tuyệt vời trong một chiếc máy thời trang nằm gọn hoàn hảo trong lòng bàn tay bạn.</p>\r\n    <h2>Tuyệt tác của thiết kế</h2>\r\n    <p style="font-size: 22px;">Samsung Note 9 có một vẻ đẹp thuần khiết với sự đơn giản và các đường nét sắc sảo trong thiết kế. Phần khung kim loại cứng cáp hoàn toàn liền lạc với hai mặt kính cong 3D, tạo nên một chiếc máy thoải mái kể cả khi bạn cầm nắm sử dụng bình thường cũng như khi thao tác với bút S Pen.</p>', '636623239518493455_xiaomi-s2-1-vang.jpg', 2990000, 'Lorem ipsum dolor sit amet, consectetur adipisicing elit. Aliquid, quo, minima, inventore voluptatum saepe quos nostrum provident.'),
(7, 1, 'Xiaomi Mi A2 4GB-32GB', ' <h1 style="text-align: center">Đánh giá chi tiết Samsung Galaxy Note 9 512GB</h1>\r\n    <p style="font-size: 22px;"><span style="color: blue">Samsung Note 9 512GB Blue </span>là chiếc điện thoại hoàn hảo nhất hiện nay với tất cả \r\ncác tính năng đều xuất sắc và bút S Pen thông minh hơn bao giờ hết.</p>\r\n    <h2>Trợ lý đắc lực S Pen</h2>\r\n    <p style="font-size: 22px;">S Pen trên Galaxy Note 9 512GB không chỉ mang lại cảm giác ghi chú, \r\n    viết vẽ như thật mà nó còn có rất nhiều tính năng hữu ích. Lần đầu tiên S Pen được kết nối Bluetooth với Note 9. Nhờ thế bạn có thể điều khiển nhạc, chụp ảnh từ xa, điều khiển bài thuyết trình và nhiều tác vụ thông minh khác bằng S Pen. S Pen sẽ là người trợ lý đắc lực cho bạn để thực hiện những thao tác nhanh và tiện lợi chỉ có ở Note9.</p>\r\n    <h2>Màn hình phá vỡ mọi khuôn khổ giới hạn</h2>\r\n    <p style="font-size: 22px;">Note9 phiên bản 512GB là chiếc Galaxy Note có màn hình lớn nhất từ trước đến nay với màn hình vô cực 6,4 inch độ phân giải Quad HD siêu sắc nét. Đây là màn hình được DisplayMate đánh giá là xuất sắc nhất thế giới smartphone hiện tại khi sở hữu độ chi tiết, độ sáng, độ tương phản vượt trội cùng màu sắc chính xác tuyệt đối. Tất cả các nội dung được hiển thị trên chiếc Galaxy Note 9 đều có chất lượng đỉnh cao, mang đến trải nghiệm xem tuyệt vời trong một chiếc máy thời trang nằm gọn hoàn hảo trong lòng bàn tay bạn.</p>\r\n    <h2>Tuyệt tác của thiết kế</h2>\r\n    <p style="font-size: 22px;">Samsung Note 9 có một vẻ đẹp thuần khiết với sự đơn giản và các đường nét sắc sảo trong thiết kế. Phần khung kim loại cứng cáp hoàn toàn liền lạc với hai mặt kính cong 3D, tạo nên một chiếc máy thoải mái kể cả khi bạn cầm nắm sử dụng bình thường cũng như khi thao tác với bút S Pen.</p>', '636707089716672043_xiaomi-mi-a2-den-1.jpg', 5990000, 'Lorem ipsum dolor sit amet, consectetur adipisicing elit. Aliquid, quo, minima, inventore voluptatum saepe quos nostrum provident.'),
(8, 3, 'Nokia 105 Single Sim (2017)', ' <h1 style="text-align: center">Đánh giá chi tiết Samsung Galaxy Note 9 512GB</h1>\r\n    <p style="font-size: 22px;"><span style="color: blue">Samsung Note 9 512GB Blue </span>là chiếc điện thoại hoàn hảo nhất hiện nay với tất cả \r\ncác tính năng đều xuất sắc và bút S Pen thông minh hơn bao giờ hết.</p>\r\n    <h2>Trợ lý đắc lực S Pen</h2>\r\n    <p style="font-size: 22px;">S Pen trên Galaxy Note 9 512GB không chỉ mang lại cảm giác ghi chú, \r\n    viết vẽ như thật mà nó còn có rất nhiều tính năng hữu ích. Lần đầu tiên S Pen được kết nối Bluetooth với Note 9. Nhờ thế bạn có thể điều khiển nhạc, chụp ảnh từ xa, điều khiển bài thuyết trình và nhiều tác vụ thông minh khác bằng S Pen. S Pen sẽ là người trợ lý đắc lực cho bạn để thực hiện những thao tác nhanh và tiện lợi chỉ có ở Note9.</p>\r\n    <h2>Màn hình phá vỡ mọi khuôn khổ giới hạn</h2>\r\n    <p style="font-size: 22px;">Note9 phiên bản 512GB là chiếc Galaxy Note có màn hình lớn nhất từ trước đến nay với màn hình vô cực 6,4 inch độ phân giải Quad HD siêu sắc nét. Đây là màn hình được DisplayMate đánh giá là xuất sắc nhất thế giới smartphone hiện tại khi sở hữu độ chi tiết, độ sáng, độ tương phản vượt trội cùng màu sắc chính xác tuyệt đối. Tất cả các nội dung được hiển thị trên chiếc Galaxy Note 9 đều có chất lượng đỉnh cao, mang đến trải nghiệm xem tuyệt vời trong một chiếc máy thời trang nằm gọn hoàn hảo trong lòng bàn tay bạn.</p>\r\n    <h2>Tuyệt tác của thiết kế</h2>\r\n    <p style="font-size: 22px;">Samsung Note 9 có một vẻ đẹp thuần khiết với sự đơn giản và các đường nét sắc sảo trong thiết kế. Phần khung kim loại cứng cáp hoàn toàn liền lạc với hai mặt kính cong 3D, tạo nên một chiếc máy thoải mái kể cả khi bạn cầm nắm sử dụng bình thường cũng như khi thao tác với bút S Pen.</p>', '636455594312802784_1.jpg', 349000, 'Lorem ipsum dolor sit amet, consectetur adipisicing elit. Aliquid, quo, minima, inventore voluptatum saepe quos nostrum provident.'),
(9, 3, 'Nokia 3310', ' <h1 style="text-align: center">Đánh giá chi tiết Samsung Galaxy Note 9 512GB</h1>\r\n    <p style="font-size: 22px;"><span style="color: blue">Samsung Note 9 512GB Blue </span>là chiếc điện thoại hoàn hảo nhất hiện nay với tất cả \r\ncác tính năng đều xuất sắc và bút S Pen thông minh hơn bao giờ hết.</p>\r\n    <h2>Trợ lý đắc lực S Pen</h2>\r\n    <p style="font-size: 22px;">S Pen trên Galaxy Note 9 512GB không chỉ mang lại cảm giác ghi chú, \r\n    viết vẽ như thật mà nó còn có rất nhiều tính năng hữu ích. Lần đầu tiên S Pen được kết nối Bluetooth với Note 9. Nhờ thế bạn có thể điều khiển nhạc, chụp ảnh từ xa, điều khiển bài thuyết trình và nhiều tác vụ thông minh khác bằng S Pen. S Pen sẽ là người trợ lý đắc lực cho bạn để thực hiện những thao tác nhanh và tiện lợi chỉ có ở Note9.</p>\r\n    <h2>Màn hình phá vỡ mọi khuôn khổ giới hạn</h2>\r\n    <p style="font-size: 22px;">Note9 phiên bản 512GB là chiếc Galaxy Note có màn hình lớn nhất từ trước đến nay với màn hình vô cực 6,4 inch độ phân giải Quad HD siêu sắc nét. Đây là màn hình được DisplayMate đánh giá là xuất sắc nhất thế giới smartphone hiện tại khi sở hữu độ chi tiết, độ sáng, độ tương phản vượt trội cùng màu sắc chính xác tuyệt đối. Tất cả các nội dung được hiển thị trên chiếc Galaxy Note 9 đều có chất lượng đỉnh cao, mang đến trải nghiệm xem tuyệt vời trong một chiếc máy thời trang nằm gọn hoàn hảo trong lòng bàn tay bạn.</p>\r\n    <h2>Tuyệt tác của thiết kế</h2>\r\n    <p style="font-size: 22px;">Samsung Note 9 có một vẻ đẹp thuần khiết với sự đơn giản và các đường nét sắc sảo trong thiết kế. Phần khung kim loại cứng cáp hoàn toàn liền lạc với hai mặt kính cong 3D, tạo nên một chiếc máy thoải mái kể cả khi bạn cầm nắm sử dụng bình thường cũng như khi thao tác với bút S Pen.</p>', '636624954539449088_1.jpg', 700000, 'Lorem ipsum dolor sit amet, consectetur adipisicing elit. Aliquid, quo, minima, inventore voluptatum saepe quos nostrum provident.'),
(10, 3, 'Nokia 106 DS (2018)', ' <h1 style="text-align: center">Đánh giá chi tiết Samsung Galaxy Note 9 512GB</h1>\r\n    <p style="font-size: 22px;"><span style="color: blue">Samsung Note 9 512GB Blue </span>là chiếc điện thoại hoàn hảo nhất hiện nay với tất cả \r\ncác tính năng đều xuất sắc và bút S Pen thông minh hơn bao giờ hết.</p>\r\n    <h2>Trợ lý đắc lực S Pen</h2>\r\n    <p style="font-size: 22px;">S Pen trên Galaxy Note 9 512GB không chỉ mang lại cảm giác ghi chú, \r\n    viết vẽ như thật mà nó còn có rất nhiều tính năng hữu ích. Lần đầu tiên S Pen được kết nối Bluetooth với Note 9. Nhờ thế bạn có thể điều khiển nhạc, chụp ảnh từ xa, điều khiển bài thuyết trình và nhiều tác vụ thông minh khác bằng S Pen. S Pen sẽ là người trợ lý đắc lực cho bạn để thực hiện những thao tác nhanh và tiện lợi chỉ có ở Note9.</p>\r\n    <h2>Màn hình phá vỡ mọi khuôn khổ giới hạn</h2>\r\n    <p style="font-size: 22px;">Note9 phiên bản 512GB là chiếc Galaxy Note có màn hình lớn nhất từ trước đến nay với màn hình vô cực 6,4 inch độ phân giải Quad HD siêu sắc nét. Đây là màn hình được DisplayMate đánh giá là xuất sắc nhất thế giới smartphone hiện tại khi sở hữu độ chi tiết, độ sáng, độ tương phản vượt trội cùng màu sắc chính xác tuyệt đối. Tất cả các nội dung được hiển thị trên chiếc Galaxy Note 9 đều có chất lượng đỉnh cao, mang đến trải nghiệm xem tuyệt vời trong một chiếc máy thời trang nằm gọn hoàn hảo trong lòng bàn tay bạn.</p>\r\n    <h2>Tuyệt tác của thiết kế</h2>\r\n    <p style="font-size: 22px;">Samsung Note 9 có một vẻ đẹp thuần khiết với sự đơn giản và các đường nét sắc sảo trong thiết kế. Phần khung kim loại cứng cáp hoàn toàn liền lạc với hai mặt kính cong 3D, tạo nên một chiếc máy thoải mái kể cả khi bạn cầm nắm sử dụng bình thường cũng như khi thao tác với bút S Pen.</p>', '636789254977590124_nokia-106-ds-20`8-xam-1.jpg', 389000, 'Lorem ipsum dolor sit amet, consectetur adipisicing elit. Aliquid, quo, minima, inventore voluptatum saepe quos nostrum provident.'),
(11, 3, 'Nokia 130 (2017)', ' <h1 style="text-align: center">Đánh giá chi tiết Samsung Galaxy Note 9 512GB</h1>\r\n    <p style="font-size: 22px;"><span style="color: blue">Samsung Note 9 512GB Blue </span>là chiếc điện thoại hoàn hảo nhất hiện nay với tất cả \r\ncác tính năng đều xuất sắc và bút S Pen thông minh hơn bao giờ hết.</p>\r\n    <h2>Trợ lý đắc lực S Pen</h2>\r\n    <p style="font-size: 22px;">S Pen trên Galaxy Note 9 512GB không chỉ mang lại cảm giác ghi chú, \r\n    viết vẽ như thật mà nó còn có rất nhiều tính năng hữu ích. Lần đầu tiên S Pen được kết nối Bluetooth với Note 9. Nhờ thế bạn có thể điều khiển nhạc, chụp ảnh từ xa, điều khiển bài thuyết trình và nhiều tác vụ thông minh khác bằng S Pen. S Pen sẽ là người trợ lý đắc lực cho bạn để thực hiện những thao tác nhanh và tiện lợi chỉ có ở Note9.</p>\r\n    <h2>Màn hình phá vỡ mọi khuôn khổ giới hạn</h2>\r\n    <p style="font-size: 22px;">Note9 phiên bản 512GB là chiếc Galaxy Note có màn hình lớn nhất từ trước đến nay với màn hình vô cực 6,4 inch độ phân giải Quad HD siêu sắc nét. Đây là màn hình được DisplayMate đánh giá là xuất sắc nhất thế giới smartphone hiện tại khi sở hữu độ chi tiết, độ sáng, độ tương phản vượt trội cùng màu sắc chính xác tuyệt đối. Tất cả các nội dung được hiển thị trên chiếc Galaxy Note 9 đều có chất lượng đỉnh cao, mang đến trải nghiệm xem tuyệt vời trong một chiếc máy thời trang nằm gọn hoàn hảo trong lòng bàn tay bạn.</p>\r\n    <h2>Tuyệt tác của thiết kế</h2>\r\n    <p style="font-size: 22px;">Samsung Note 9 có một vẻ đẹp thuần khiết với sự đơn giản và các đường nét sắc sảo trong thiết kế. Phần khung kim loại cứng cáp hoàn toàn liền lạc với hai mặt kính cong 3D, tạo nên một chiếc máy thoải mái kể cả khi bạn cầm nắm sử dụng bình thường cũng như khi thao tác với bút S Pen.</p>', '636632679422853960_1.jpg', 519000, 'Lorem ipsum dolor sit amet, consectetur adipisicing elit. Aliquid, quo, minima, inventore voluptatum saepe quos nostrum provident.'),
(12, 3, 'Nokia 105 Dual Sim (2017) ', ' <h1 style="text-align: center">Đánh giá chi tiết Samsung Galaxy Note 9 512GB</h1>\r\n    <p style="font-size: 22px;"><span style="color: blue">Samsung Note 9 512GB Blue </span>là chiếc điện thoại hoàn hảo nhất hiện nay với tất cả \r\ncác tính năng đều xuất sắc và bút S Pen thông minh hơn bao giờ hết.</p>\r\n    <h2>Trợ lý đắc lực S Pen</h2>\r\n    <p style="font-size: 22px;">S Pen trên Galaxy Note 9 512GB không chỉ mang lại cảm giác ghi chú, \r\n    viết vẽ như thật mà nó còn có rất nhiều tính năng hữu ích. Lần đầu tiên S Pen được kết nối Bluetooth với Note 9. Nhờ thế bạn có thể điều khiển nhạc, chụp ảnh từ xa, điều khiển bài thuyết trình và nhiều tác vụ thông minh khác bằng S Pen. S Pen sẽ là người trợ lý đắc lực cho bạn để thực hiện những thao tác nhanh và tiện lợi chỉ có ở Note9.</p>\r\n    <h2>Màn hình phá vỡ mọi khuôn khổ giới hạn</h2>\r\n    <p style="font-size: 22px;">Note9 phiên bản 512GB là chiếc Galaxy Note có màn hình lớn nhất từ trước đến nay với màn hình vô cực 6,4 inch độ phân giải Quad HD siêu sắc nét. Đây là màn hình được DisplayMate đánh giá là xuất sắc nhất thế giới smartphone hiện tại khi sở hữu độ chi tiết, độ sáng, độ tương phản vượt trội cùng màu sắc chính xác tuyệt đối. Tất cả các nội dung được hiển thị trên chiếc Galaxy Note 9 đều có chất lượng đỉnh cao, mang đến trải nghiệm xem tuyệt vời trong một chiếc máy thời trang nằm gọn hoàn hảo trong lòng bàn tay bạn.</p>\r\n    <h2>Tuyệt tác của thiết kế</h2>\r\n    <p style="font-size: 22px;">Samsung Note 9 có một vẻ đẹp thuần khiết với sự đơn giản và các đường nét sắc sảo trong thiết kế. Phần khung kim loại cứng cáp hoàn toàn liền lạc với hai mặt kính cong 3D, tạo nên một chiếc máy thoải mái kể cả khi bạn cầm nắm sử dụng bình thường cũng như khi thao tác với bút S Pen.</p>', '636530037791322080_1.jpg', 359000, 'Lorem ipsum dolor sit amet, consectetur adipisicing elit. Aliquid, quo, minima, inventore voluptatum saepe quos nostrum provident.'),
(13, 3, 'Nokia N216 RM - 1187', ' <h1 style="text-align: center">Đánh giá chi tiết Samsung Galaxy Note 9 512GB</h1>\r\n    <p style="font-size: 22px;"><span style="color: blue">Samsung Note 9 512GB Blue </span>là chiếc điện thoại hoàn hảo nhất hiện nay với tất cả \r\ncác tính năng đều xuất sắc và bút S Pen thông minh hơn bao giờ hết.</p>\r\n    <h2>Trợ lý đắc lực S Pen</h2>\r\n    <p style="font-size: 22px;">S Pen trên Galaxy Note 9 512GB không chỉ mang lại cảm giác ghi chú, \r\n    viết vẽ như thật mà nó còn có rất nhiều tính năng hữu ích. Lần đầu tiên S Pen được kết nối Bluetooth với Note 9. Nhờ thế bạn có thể điều khiển nhạc, chụp ảnh từ xa, điều khiển bài thuyết trình và nhiều tác vụ thông minh khác bằng S Pen. S Pen sẽ là người trợ lý đắc lực cho bạn để thực hiện những thao tác nhanh và tiện lợi chỉ có ở Note9.</p>\r\n    <h2>Màn hình phá vỡ mọi khuôn khổ giới hạn</h2>\r\n    <p style="font-size: 22px;">Note9 phiên bản 512GB là chiếc Galaxy Note có màn hình lớn nhất từ trước đến nay với màn hình vô cực 6,4 inch độ phân giải Quad HD siêu sắc nét. Đây là màn hình được DisplayMate đánh giá là xuất sắc nhất thế giới smartphone hiện tại khi sở hữu độ chi tiết, độ sáng, độ tương phản vượt trội cùng màu sắc chính xác tuyệt đối. Tất cả các nội dung được hiển thị trên chiếc Galaxy Note 9 đều có chất lượng đỉnh cao, mang đến trải nghiệm xem tuyệt vời trong một chiếc máy thời trang nằm gọn hoàn hảo trong lòng bàn tay bạn.</p>\r\n    <h2>Tuyệt tác của thiết kế</h2>\r\n    <p style="font-size: 22px;">Samsung Note 9 có một vẻ đẹp thuần khiết với sự đơn giản và các đường nét sắc sảo trong thiết kế. Phần khung kim loại cứng cáp hoàn toàn liền lạc với hai mặt kính cong 3D, tạo nên một chiếc máy thoải mái kể cả khi bạn cầm nắm sử dụng bình thường cũng như khi thao tác với bút S Pen.</p>', '636625836579165712_1.jpg', 759000, 'Lorem ipsum dolor sit amet, consectetur adipisicing elit. Aliquid, quo, minima, inventore voluptatum saepe quos nostrum provident.'),
(14, 2, 'iPhone Xs Max 256GB ', ' <h1 style="text-align: center">Đánh giá chi tiết Samsung Galaxy Note 9 512GB</h1>\r\n    <p style="font-size: 22px;"><span style="color: blue">Samsung Note 9 512GB Blue </span>là chiếc điện thoại hoàn hảo nhất hiện nay với tất cả \r\ncác tính năng đều xuất sắc và bút S Pen thông minh hơn bao giờ hết.</p>\r\n    <h2>Trợ lý đắc lực S Pen</h2>\r\n    <p style="font-size: 22px;">S Pen trên Galaxy Note 9 512GB không chỉ mang lại cảm giác ghi chú, \r\n    viết vẽ như thật mà nó còn có rất nhiều tính năng hữu ích. Lần đầu tiên S Pen được kết nối Bluetooth với Note 9. Nhờ thế bạn có thể điều khiển nhạc, chụp ảnh từ xa, điều khiển bài thuyết trình và nhiều tác vụ thông minh khác bằng S Pen. S Pen sẽ là người trợ lý đắc lực cho bạn để thực hiện những thao tác nhanh và tiện lợi chỉ có ở Note9.</p>\r\n    <h2>Màn hình phá vỡ mọi khuôn khổ giới hạn</h2>\r\n    <p style="font-size: 22px;">Note9 phiên bản 512GB là chiếc Galaxy Note có màn hình lớn nhất từ trước đến nay với màn hình vô cực 6,4 inch độ phân giải Quad HD siêu sắc nét. Đây là màn hình được DisplayMate đánh giá là xuất sắc nhất thế giới smartphone hiện tại khi sở hữu độ chi tiết, độ sáng, độ tương phản vượt trội cùng màu sắc chính xác tuyệt đối. Tất cả các nội dung được hiển thị trên chiếc Galaxy Note 9 đều có chất lượng đỉnh cao, mang đến trải nghiệm xem tuyệt vời trong một chiếc máy thời trang nằm gọn hoàn hảo trong lòng bàn tay bạn.</p>\r\n    <h2>Tuyệt tác của thiết kế</h2>\r\n    <p style="font-size: 22px;">Samsung Note 9 có một vẻ đẹp thuần khiết với sự đơn giản và các đường nét sắc sảo trong thiết kế. Phần khung kim loại cứng cáp hoàn toàn liền lạc với hai mặt kính cong 3D, tạo nên một chiếc máy thoải mái kể cả khi bạn cầm nắm sử dụng bình thường cũng như khi thao tác với bút S Pen.</p>', '636748771945393060_iPhone-Xs-Max-gold.png', 37990000, 'Lorem ipsum dolor sit amet, consectetur adipisicing elit. Aliquid, quo, minima, inventore voluptatum saepe quos nostrum provident.'),
(15, 2, 'iPhone XR 64GB', ' <h1 style="text-align: center">Đánh giá chi tiết Samsung Galaxy Note 9 512GB</h1>\r\n    <p style="font-size: 22px;"><span style="color: blue">Samsung Note 9 512GB Blue </span>là chiếc điện thoại hoàn hảo nhất hiện nay với tất cả \r\ncác tính năng đều xuất sắc và bút S Pen thông minh hơn bao giờ hết.</p>\r\n    <h2>Trợ lý đắc lực S Pen</h2>\r\n    <p style="font-size: 22px;">S Pen trên Galaxy Note 9 512GB không chỉ mang lại cảm giác ghi chú, \r\n    viết vẽ như thật mà nó còn có rất nhiều tính năng hữu ích. Lần đầu tiên S Pen được kết nối Bluetooth với Note 9. Nhờ thế bạn có thể điều khiển nhạc, chụp ảnh từ xa, điều khiển bài thuyết trình và nhiều tác vụ thông minh khác bằng S Pen. S Pen sẽ là người trợ lý đắc lực cho bạn để thực hiện những thao tác nhanh và tiện lợi chỉ có ở Note9.</p>\r\n    <h2>Màn hình phá vỡ mọi khuôn khổ giới hạn</h2>\r\n    <p style="font-size: 22px;">Note9 phiên bản 512GB là chiếc Galaxy Note có màn hình lớn nhất từ trước đến nay với màn hình vô cực 6,4 inch độ phân giải Quad HD siêu sắc nét. Đây là màn hình được DisplayMate đánh giá là xuất sắc nhất thế giới smartphone hiện tại khi sở hữu độ chi tiết, độ sáng, độ tương phản vượt trội cùng màu sắc chính xác tuyệt đối. Tất cả các nội dung được hiển thị trên chiếc Galaxy Note 9 đều có chất lượng đỉnh cao, mang đến trải nghiệm xem tuyệt vời trong một chiếc máy thời trang nằm gọn hoàn hảo trong lòng bàn tay bạn.</p>\r\n    <h2>Tuyệt tác của thiết kế</h2>\r\n    <p style="font-size: 22px;">Samsung Note 9 có một vẻ đẹp thuần khiết với sự đơn giản và các đường nét sắc sảo trong thiết kế. Phần khung kim loại cứng cáp hoàn toàn liền lạc với hai mặt kính cong 3D, tạo nên một chiếc máy thoải mái kể cả khi bạn cầm nắm sử dụng bình thường cũng như khi thao tác với bút S Pen.</p>', '636748797174925889_iphone-Xr-trang.png', 22990000, 'Lorem ipsum dolor sit amet, consectetur adipisicing elit. Aliquid, quo, minima, inventore voluptatum saepe quos nostrum provident.'),
(16, 2, 'iPhone X 64GB', ' <h1 style="text-align: center">Đánh giá chi tiết Samsung Galaxy Note 9 512GB</h1>\r\n    <p style="font-size: 22px;"><span style="color: blue">Samsung Note 9 512GB Blue </span>là chiếc điện thoại hoàn hảo nhất hiện nay với tất cả \r\ncác tính năng đều xuất sắc và bút S Pen thông minh hơn bao giờ hết.</p>\r\n    <h2>Trợ lý đắc lực S Pen</h2>\r\n    <p style="font-size: 22px;">S Pen trên Galaxy Note 9 512GB không chỉ mang lại cảm giác ghi chú, \r\n    viết vẽ như thật mà nó còn có rất nhiều tính năng hữu ích. Lần đầu tiên S Pen được kết nối Bluetooth với Note 9. Nhờ thế bạn có thể điều khiển nhạc, chụp ảnh từ xa, điều khiển bài thuyết trình và nhiều tác vụ thông minh khác bằng S Pen. S Pen sẽ là người trợ lý đắc lực cho bạn để thực hiện những thao tác nhanh và tiện lợi chỉ có ở Note9.</p>\r\n    <h2>Màn hình phá vỡ mọi khuôn khổ giới hạn</h2>\r\n    <p style="font-size: 22px;">Note9 phiên bản 512GB là chiếc Galaxy Note có màn hình lớn nhất từ trước đến nay với màn hình vô cực 6,4 inch độ phân giải Quad HD siêu sắc nét. Đây là màn hình được DisplayMate đánh giá là xuất sắc nhất thế giới smartphone hiện tại khi sở hữu độ chi tiết, độ sáng, độ tương phản vượt trội cùng màu sắc chính xác tuyệt đối. Tất cả các nội dung được hiển thị trên chiếc Galaxy Note 9 đều có chất lượng đỉnh cao, mang đến trải nghiệm xem tuyệt vời trong một chiếc máy thời trang nằm gọn hoàn hảo trong lòng bàn tay bạn.</p>\r\n    <h2>Tuyệt tác của thiết kế</h2>\r\n    <p style="font-size: 22px;">Samsung Note 9 có một vẻ đẹp thuần khiết với sự đơn giản và các đường nét sắc sảo trong thiết kế. Phần khung kim loại cứng cáp hoàn toàn liền lạc với hai mặt kính cong 3D, tạo nên một chiếc máy thoải mái kể cả khi bạn cầm nắm sử dụng bình thường cũng như khi thao tác với bút S Pen.</p>', '636483223586180190_1.jpg', 26990000, 'Lorem ipsum dolor sit amet, consectetur adipisicing elit. Aliquid, quo, minima, inventore voluptatum saepe quos nostrum provident.'),
(17, 2, 'iPhone 8 Plus 64GB', ' <h1 style="text-align: center">Đánh giá chi tiết Samsung Galaxy Note 9 512GB</h1>\r\n    <p style="font-size: 22px;"><span style="color: blue">Samsung Note 9 512GB Blue </span>là chiếc điện thoại hoàn hảo nhất hiện nay với tất cả \r\ncác tính năng đều xuất sắc và bút S Pen thông minh hơn bao giờ hết.</p>\r\n    <h2>Trợ lý đắc lực S Pen</h2>\r\n    <p style="font-size: 22px;">S Pen trên Galaxy Note 9 512GB không chỉ mang lại cảm giác ghi chú, \r\n    viết vẽ như thật mà nó còn có rất nhiều tính năng hữu ích. Lần đầu tiên S Pen được kết nối Bluetooth với Note 9. Nhờ thế bạn có thể điều khiển nhạc, chụp ảnh từ xa, điều khiển bài thuyết trình và nhiều tác vụ thông minh khác bằng S Pen. S Pen sẽ là người trợ lý đắc lực cho bạn để thực hiện những thao tác nhanh và tiện lợi chỉ có ở Note9.</p>\r\n    <h2>Màn hình phá vỡ mọi khuôn khổ giới hạn</h2>\r\n    <p style="font-size: 22px;">Note9 phiên bản 512GB là chiếc Galaxy Note có màn hình lớn nhất từ trước đến nay với màn hình vô cực 6,4 inch độ phân giải Quad HD siêu sắc nét. Đây là màn hình được DisplayMate đánh giá là xuất sắc nhất thế giới smartphone hiện tại khi sở hữu độ chi tiết, độ sáng, độ tương phản vượt trội cùng màu sắc chính xác tuyệt đối. Tất cả các nội dung được hiển thị trên chiếc Galaxy Note 9 đều có chất lượng đỉnh cao, mang đến trải nghiệm xem tuyệt vời trong một chiếc máy thời trang nằm gọn hoàn hảo trong lòng bàn tay bạn.</p>\r\n    <h2>Tuyệt tác của thiết kế</h2>\r\n    <p style="font-size: 22px;">Samsung Note 9 có một vẻ đẹp thuần khiết với sự đơn giản và các đường nét sắc sảo trong thiết kế. Phần khung kim loại cứng cáp hoàn toàn liền lạc với hai mặt kính cong 3D, tạo nên một chiếc máy thoải mái kể cả khi bạn cầm nắm sử dụng bình thường cũng như khi thao tác với bút S Pen.</p>', '636459040422660236_1.jpg', 19990000, 'Lorem ipsum dolor sit amet, consectetur adipisicing elit. Aliquid, quo, minima, inventore voluptatum saepe quos nostrum provident.'),
(18, 2, 'iPhone 7 Plus 32GB', ' <h1 style="text-align: center">Đánh giá chi tiết Samsung Galaxy Note 9 512GB</h1>\r\n    <p style="font-size: 22px;"><span style="color: blue">Samsung Note 9 512GB Blue </span>là chiếc điện thoại hoàn hảo nhất hiện nay với tất cả \r\ncác tính năng đều xuất sắc và bút S Pen thông minh hơn bao giờ hết.</p>\r\n    <h2>Trợ lý đắc lực S Pen</h2>\r\n    <p style="font-size: 22px;">S Pen trên Galaxy Note 9 512GB không chỉ mang lại cảm giác ghi chú, \r\n    viết vẽ như thật mà nó còn có rất nhiều tính năng hữu ích. Lần đầu tiên S Pen được kết nối Bluetooth với Note 9. Nhờ thế bạn có thể điều khiển nhạc, chụp ảnh từ xa, điều khiển bài thuyết trình và nhiều tác vụ thông minh khác bằng S Pen. S Pen sẽ là người trợ lý đắc lực cho bạn để thực hiện những thao tác nhanh và tiện lợi chỉ có ở Note9.</p>\r\n    <h2>Màn hình phá vỡ mọi khuôn khổ giới hạn</h2>\r\n    <p style="font-size: 22px;">Note9 phiên bản 512GB là chiếc Galaxy Note có màn hình lớn nhất từ trước đến nay với màn hình vô cực 6,4 inch độ phân giải Quad HD siêu sắc nét. Đây là màn hình được DisplayMate đánh giá là xuất sắc nhất thế giới smartphone hiện tại khi sở hữu độ chi tiết, độ sáng, độ tương phản vượt trội cùng màu sắc chính xác tuyệt đối. Tất cả các nội dung được hiển thị trên chiếc Galaxy Note 9 đều có chất lượng đỉnh cao, mang đến trải nghiệm xem tuyệt vời trong một chiếc máy thời trang nằm gọn hoàn hảo trong lòng bàn tay bạn.</p>\r\n    <h2>Tuyệt tác của thiết kế</h2>\r\n    <p style="font-size: 22px;">Samsung Note 9 có một vẻ đẹp thuần khiết với sự đơn giản và các đường nét sắc sảo trong thiết kế. Phần khung kim loại cứng cáp hoàn toàn liền lạc với hai mặt kính cong 3D, tạo nên một chiếc máy thoải mái kể cả khi bạn cầm nắm sử dụng bình thường cũng như khi thao tác với bút S Pen.</p>', '636159432321322011_ip7p-black-1.jpg', 13990000, 'Lorem ipsum dolor sit amet, consectetur adipisicing elit. Aliquid, quo, minima, inventore voluptatum saepe quos nostrum provident.'),
(19, 4, 'Dell Vostro 3568/Core i3-7020U/VTI32072W ', ' <h1 style="text-align: center">Đánh giá chi tiết Samsung Galaxy Note 9 512GB</h1>\r\n    <p style="font-size: 22px;"><span style="color: blue">Samsung Note 9 512GB Blue </span>là chiếc điện thoại hoàn hảo nhất hiện nay với tất cả \r\ncác tính năng đều xuất sắc và bút S Pen thông minh hơn bao giờ hết.</p>\r\n    <h2>Trợ lý đắc lực S Pen</h2>\r\n    <p style="font-size: 22px;">S Pen trên Galaxy Note 9 512GB không chỉ mang lại cảm giác ghi chú, \r\n    viết vẽ như thật mà nó còn có rất nhiều tính năng hữu ích. Lần đầu tiên S Pen được kết nối Bluetooth với Note 9. Nhờ thế bạn có thể điều khiển nhạc, chụp ảnh từ xa, điều khiển bài thuyết trình và nhiều tác vụ thông minh khác bằng S Pen. S Pen sẽ là người trợ lý đắc lực cho bạn để thực hiện những thao tác nhanh và tiện lợi chỉ có ở Note9.</p>\r\n    <h2>Màn hình phá vỡ mọi khuôn khổ giới hạn</h2>\r\n    <p style="font-size: 22px;">Note9 phiên bản 512GB là chiếc Galaxy Note có màn hình lớn nhất từ trước đến nay với màn hình vô cực 6,4 inch độ phân giải Quad HD siêu sắc nét. Đây là màn hình được DisplayMate đánh giá là xuất sắc nhất thế giới smartphone hiện tại khi sở hữu độ chi tiết, độ sáng, độ tương phản vượt trội cùng màu sắc chính xác tuyệt đối. Tất cả các nội dung được hiển thị trên chiếc Galaxy Note 9 đều có chất lượng đỉnh cao, mang đến trải nghiệm xem tuyệt vời trong một chiếc máy thời trang nằm gọn hoàn hảo trong lòng bàn tay bạn.</p>\r\n    <h2>Tuyệt tác của thiết kế</h2>\r\n    <p style="font-size: 22px;">Samsung Note 9 có một vẻ đẹp thuần khiết với sự đơn giản và các đường nét sắc sảo trong thiết kế. Phần khung kim loại cứng cáp hoàn toàn liền lạc với hai mặt kính cong 3D, tạo nên một chiếc máy thoải mái kể cả khi bạn cầm nắm sử dụng bình thường cũng như khi thao tác với bút S Pen.</p>', '636445205564851141_Dell-V3568-1.png', 11390000, 'Lorem ipsum dolor sit amet, consectetur adipisicing elit. Aliquid, quo, minima, inventore voluptatum saepe quos nostrum provident.'),
(20, 4, 'Dell Ins N5370/Core i3-8130U/4GB/128GB SSD ', ' <h1 style="text-align: center">Đánh giá chi tiết Samsung Galaxy Note 9 512GB</h1>\r\n    <p style="font-size: 22px;"><span style="color: blue">Samsung Note 9 512GB Blue </span>là chiếc điện thoại hoàn hảo nhất hiện nay với tất cả \r\ncác tính năng đều xuất sắc và bút S Pen thông minh hơn bao giờ hết.</p>\r\n    <h2>Trợ lý đắc lực S Pen</h2>\r\n    <p style="font-size: 22px;">S Pen trên Galaxy Note 9 512GB không chỉ mang lại cảm giác ghi chú, \r\n    viết vẽ như thật mà nó còn có rất nhiều tính năng hữu ích. Lần đầu tiên S Pen được kết nối Bluetooth với Note 9. Nhờ thế bạn có thể điều khiển nhạc, chụp ảnh từ xa, điều khiển bài thuyết trình và nhiều tác vụ thông minh khác bằng S Pen. S Pen sẽ là người trợ lý đắc lực cho bạn để thực hiện những thao tác nhanh và tiện lợi chỉ có ở Note9.</p>\r\n    <h2>Màn hình phá vỡ mọi khuôn khổ giới hạn</h2>\r\n    <p style="font-size: 22px;">Note9 phiên bản 512GB là chiếc Galaxy Note có màn hình lớn nhất từ trước đến nay với màn hình vô cực 6,4 inch độ phân giải Quad HD siêu sắc nét. Đây là màn hình được DisplayMate đánh giá là xuất sắc nhất thế giới smartphone hiện tại khi sở hữu độ chi tiết, độ sáng, độ tương phản vượt trội cùng màu sắc chính xác tuyệt đối. Tất cả các nội dung được hiển thị trên chiếc Galaxy Note 9 đều có chất lượng đỉnh cao, mang đến trải nghiệm xem tuyệt vời trong một chiếc máy thời trang nằm gọn hoàn hảo trong lòng bàn tay bạn.</p>\r\n    <h2>Tuyệt tác của thiết kế</h2>\r\n    <p style="font-size: 22px;">Samsung Note 9 có một vẻ đẹp thuần khiết với sự đơn giản và các đường nét sắc sảo trong thiết kế. Phần khung kim loại cứng cáp hoàn toàn liền lạc với hai mặt kính cong 3D, tạo nên một chiếc máy thoải mái kể cả khi bạn cầm nắm sử dụng bình thường cũng như khi thao tác với bút S Pen.</p>', '636469427025599563_Dell-Ins-N7370-1.png', 15690000, 'Lorem ipsum dolor sit amet, consectetur adipisicing elit. Aliquid, quo, minima, inventore voluptatum saepe quos nostrum provident.'),
(21, 4, 'Dell Inspiron N3476/i5-8250U/4GB/1000GB/DVDRW/Intel HD 620', ' <h1 style="text-align: center">Đánh giá chi tiết Samsung Galaxy Note 9 512GB</h1>\r\n    <p style="font-size: 22px;"><span style="color: blue">Samsung Note 9 512GB Blue </span>là chiếc điện thoại hoàn hảo nhất hiện nay với tất cả \r\ncác tính năng đều xuất sắc và bút S Pen thông minh hơn bao giờ hết.</p>\r\n    <h2>Trợ lý đắc lực S Pen</h2>\r\n    <p style="font-size: 22px;">S Pen trên Galaxy Note 9 512GB không chỉ mang lại cảm giác ghi chú, \r\n    viết vẽ như thật mà nó còn có rất nhiều tính năng hữu ích. Lần đầu tiên S Pen được kết nối Bluetooth với Note 9. Nhờ thế bạn có thể điều khiển nhạc, chụp ảnh từ xa, điều khiển bài thuyết trình và nhiều tác vụ thông minh khác bằng S Pen. S Pen sẽ là người trợ lý đắc lực cho bạn để thực hiện những thao tác nhanh và tiện lợi chỉ có ở Note9.</p>\r\n    <h2>Màn hình phá vỡ mọi khuôn khổ giới hạn</h2>\r\n    <p style="font-size: 22px;">Note9 phiên bản 512GB là chiếc Galaxy Note có màn hình lớn nhất từ trước đến nay với màn hình vô cực 6,4 inch độ phân giải Quad HD siêu sắc nét. Đây là màn hình được DisplayMate đánh giá là xuất sắc nhất thế giới smartphone hiện tại khi sở hữu độ chi tiết, độ sáng, độ tương phản vượt trội cùng màu sắc chính xác tuyệt đối. Tất cả các nội dung được hiển thị trên chiếc Galaxy Note 9 đều có chất lượng đỉnh cao, mang đến trải nghiệm xem tuyệt vời trong một chiếc máy thời trang nằm gọn hoàn hảo trong lòng bàn tay bạn.</p>\r\n    <h2>Tuyệt tác của thiết kế</h2>\r\n    <p style="font-size: 22px;">Samsung Note 9 có một vẻ đẹp thuần khiết với sự đơn giản và các đường nét sắc sảo trong thiết kế. Phần khung kim loại cứng cáp hoàn toàn liền lạc với hai mặt kính cong 3D, tạo nên một chiếc máy thoải mái kể cả khi bạn cầm nắm sử dụng bình thường cũng như khi thao tác với bút S Pen.</p>', '636754460924828873_1.jpg', 13190000, 'Lorem ipsum dolor sit amet, consectetur adipisicing elit. Aliquid, quo, minima, inventore voluptatum saepe quos nostrum provident.'),
(22, 4, 'Dell Inspiron N5570/Core i5-8250U/4GB/1TB/AMD R5 530/Windows 10', ' <h1 style="text-align: center">Đánh giá chi tiết Samsung Galaxy Note 9 512GB</h1>\r\n    <p style="font-size: 22px;"><span style="color: blue">Samsung Note 9 512GB Blue </span>là chiếc điện thoại hoàn hảo nhất hiện nay với tất cả \r\ncác tính năng đều xuất sắc và bút S Pen thông minh hơn bao giờ hết.</p>\r\n    <h2>Trợ lý đắc lực S Pen</h2>\r\n    <p style="font-size: 22px;">S Pen trên Galaxy Note 9 512GB không chỉ mang lại cảm giác ghi chú, \r\n    viết vẽ như thật mà nó còn có rất nhiều tính năng hữu ích. Lần đầu tiên S Pen được kết nối Bluetooth với Note 9. Nhờ thế bạn có thể điều khiển nhạc, chụp ảnh từ xa, điều khiển bài thuyết trình và nhiều tác vụ thông minh khác bằng S Pen. S Pen sẽ là người trợ lý đắc lực cho bạn để thực hiện những thao tác nhanh và tiện lợi chỉ có ở Note9.</p>\r\n    <h2>Màn hình phá vỡ mọi khuôn khổ giới hạn</h2>\r\n    <p style="font-size: 22px;">Note9 phiên bản 512GB là chiếc Galaxy Note có màn hình lớn nhất từ trước đến nay với màn hình vô cực 6,4 inch độ phân giải Quad HD siêu sắc nét. Đây là màn hình được DisplayMate đánh giá là xuất sắc nhất thế giới smartphone hiện tại khi sở hữu độ chi tiết, độ sáng, độ tương phản vượt trội cùng màu sắc chính xác tuyệt đối. Tất cả các nội dung được hiển thị trên chiếc Galaxy Note 9 đều có chất lượng đỉnh cao, mang đến trải nghiệm xem tuyệt vời trong một chiếc máy thời trang nằm gọn hoàn hảo trong lòng bàn tay bạn.</p>\r\n    <h2>Tuyệt tác của thiết kế</h2>\r\n    <p style="font-size: 22px;">Samsung Note 9 có một vẻ đẹp thuần khiết với sự đơn giản và các đường nét sắc sảo trong thiết kế. Phần khung kim loại cứng cáp hoàn toàn liền lạc với hai mặt kính cong 3D, tạo nên một chiếc máy thoải mái kể cả khi bạn cầm nắm sử dụng bình thường cũng như khi thao tác với bút S Pen.</p>', '636523991250086086_Dell-N5570-11.png', 17990000, 'Lorem ipsum dolor sit amet, consectetur adipisicing elit. Aliquid, quo, minima, inventore voluptatum saepe quos nostrum provident.'),
(23, 4, 'Dell Vostro V5568/i5-7200U (2.5GHz)', ' <h1 style="text-align: center">Đánh giá chi tiết Samsung Galaxy Note 9 512GB</h1>\r\n    <p style="font-size: 22px;"><span style="color: blue">Samsung Note 9 512GB Blue </span>là chiếc điện thoại hoàn hảo nhất hiện nay với tất cả \r\ncác tính năng đều xuất sắc và bút S Pen thông minh hơn bao giờ hết.</p>\r\n    <h2>Trợ lý đắc lực S Pen</h2>\r\n    <p style="font-size: 22px;">S Pen trên Galaxy Note 9 512GB không chỉ mang lại cảm giác ghi chú, \r\n    viết vẽ như thật mà nó còn có rất nhiều tính năng hữu ích. Lần đầu tiên S Pen được kết nối Bluetooth với Note 9. Nhờ thế bạn có thể điều khiển nhạc, chụp ảnh từ xa, điều khiển bài thuyết trình và nhiều tác vụ thông minh khác bằng S Pen. S Pen sẽ là người trợ lý đắc lực cho bạn để thực hiện những thao tác nhanh và tiện lợi chỉ có ở Note9.</p>\r\n    <h2>Màn hình phá vỡ mọi khuôn khổ giới hạn</h2>\r\n    <p style="font-size: 22px;">Note9 phiên bản 512GB là chiếc Galaxy Note có màn hình lớn nhất từ trước đến nay với màn hình vô cực 6,4 inch độ phân giải Quad HD siêu sắc nét. Đây là màn hình được DisplayMate đánh giá là xuất sắc nhất thế giới smartphone hiện tại khi sở hữu độ chi tiết, độ sáng, độ tương phản vượt trội cùng màu sắc chính xác tuyệt đối. Tất cả các nội dung được hiển thị trên chiếc Galaxy Note 9 đều có chất lượng đỉnh cao, mang đến trải nghiệm xem tuyệt vời trong một chiếc máy thời trang nằm gọn hoàn hảo trong lòng bàn tay bạn.</p>\r\n    <h2>Tuyệt tác của thiết kế</h2>\r\n    <p style="font-size: 22px;">Samsung Note 9 có một vẻ đẹp thuần khiết với sự đơn giản và các đường nét sắc sảo trong thiết kế. Phần khung kim loại cứng cáp hoàn toàn liền lạc với hai mặt kính cong 3D, tạo nên một chiếc máy thoải mái kể cả khi bạn cầm nắm sử dụng bình thường cũng như khi thao tác với bút S Pen.</p>', '636705337922156721_v5568.jpg', 14090000, 'Lorem ipsum dolor sit amet, consectetur adipisicing elit. Aliquid, quo, minima, inventore voluptatum saepe quos nostrum provident.'),
(24, 4, 'Dell Vostro 3468/Core i3-7020U', ' <h1 style="text-align: center">Đánh giá chi tiết Samsung Galaxy Note 9 512GB</h1>\r\n    <p style="font-size: 22px;"><span style="color: blue">Samsung Note 9 512GB Blue </span>là chiếc điện thoại hoàn hảo nhất hiện nay với tất cả \r\ncác tính năng đều xuất sắc và bút S Pen thông minh hơn bao giờ hết.</p>\r\n    <h2>Trợ lý đắc lực S Pen</h2>\r\n    <p style="font-size: 22px;">S Pen trên Galaxy Note 9 512GB không chỉ mang lại cảm giác ghi chú, \r\n    viết vẽ như thật mà nó còn có rất nhiều tính năng hữu ích. Lần đầu tiên S Pen được kết nối Bluetooth với Note 9. Nhờ thế bạn có thể điều khiển nhạc, chụp ảnh từ xa, điều khiển bài thuyết trình và nhiều tác vụ thông minh khác bằng S Pen. S Pen sẽ là người trợ lý đắc lực cho bạn để thực hiện những thao tác nhanh và tiện lợi chỉ có ở Note9.</p>\r\n    <h2>Màn hình phá vỡ mọi khuôn khổ giới hạn</h2>\r\n    <p style="font-size: 22px;">Note9 phiên bản 512GB là chiếc Galaxy Note có màn hình lớn nhất từ trước đến nay với màn hình vô cực 6,4 inch độ phân giải Quad HD siêu sắc nét. Đây là màn hình được DisplayMate đánh giá là xuất sắc nhất thế giới smartphone hiện tại khi sở hữu độ chi tiết, độ sáng, độ tương phản vượt trội cùng màu sắc chính xác tuyệt đối. Tất cả các nội dung được hiển thị trên chiếc Galaxy Note 9 đều có chất lượng đỉnh cao, mang đến trải nghiệm xem tuyệt vời trong một chiếc máy thời trang nằm gọn hoàn hảo trong lòng bàn tay bạn.</p>\r\n    <h2>Tuyệt tác của thiết kế</h2>\r\n    <p style="font-size: 22px;">Samsung Note 9 có một vẻ đẹp thuần khiết với sự đơn giản và các đường nét sắc sảo trong thiết kế. Phần khung kim loại cứng cáp hoàn toàn liền lạc với hai mặt kính cong 3D, tạo nên một chiếc máy thoải mái kể cả khi bạn cầm nắm sử dụng bình thường cũng như khi thao tác với bút S Pen.</p>', '636727784158609380_636444586930918278_Dell-V3468-1.png', 10690000, 'Lorem ipsum dolor sit amet, consectetur adipisicing elit. Aliquid, quo, minima, inventore voluptatum saepe quos nostrum provident.'),
(25, 5, 'HP 15-da0046TU/Celeron N4000', ' <h1 style="text-align: center">Đánh giá chi tiết Samsung Galaxy Note 9 512GB</h1>\r\n    <p style="font-size: 22px;"><span style="color: blue">Samsung Note 9 512GB Blue </span>là chiếc điện thoại hoàn hảo nhất hiện nay với tất cả \r\ncác tính năng đều xuất sắc và bút S Pen thông minh hơn bao giờ hết.</p>\r\n    <h2>Trợ lý đắc lực S Pen</h2>\r\n    <p style="font-size: 22px;">S Pen trên Galaxy Note 9 512GB không chỉ mang lại cảm giác ghi chú, \r\n    viết vẽ như thật mà nó còn có rất nhiều tính năng hữu ích. Lần đầu tiên S Pen được kết nối Bluetooth với Note 9. Nhờ thế bạn có thể điều khiển nhạc, chụp ảnh từ xa, điều khiển bài thuyết trình và nhiều tác vụ thông minh khác bằng S Pen. S Pen sẽ là người trợ lý đắc lực cho bạn để thực hiện những thao tác nhanh và tiện lợi chỉ có ở Note9.</p>\r\n    <h2>Màn hình phá vỡ mọi khuôn khổ giới hạn</h2>\r\n    <p style="font-size: 22px;">Note9 phiên bản 512GB là chiếc Galaxy Note có màn hình lớn nhất từ trước đến nay với màn hình vô cực 6,4 inch độ phân giải Quad HD siêu sắc nét. Đây là màn hình được DisplayMate đánh giá là xuất sắc nhất thế giới smartphone hiện tại khi sở hữu độ chi tiết, độ sáng, độ tương phản vượt trội cùng màu sắc chính xác tuyệt đối. Tất cả các nội dung được hiển thị trên chiếc Galaxy Note 9 đều có chất lượng đỉnh cao, mang đến trải nghiệm xem tuyệt vời trong một chiếc máy thời trang nằm gọn hoàn hảo trong lòng bàn tay bạn.</p>\r\n    <h2>Tuyệt tác của thiết kế</h2>\r\n    <p style="font-size: 22px;">Samsung Note 9 có một vẻ đẹp thuần khiết với sự đơn giản và các đường nét sắc sảo trong thiết kế. Phần khung kim loại cứng cáp hoàn toàn liền lạc với hai mặt kính cong 3D, tạo nên một chiếc máy thoải mái kể cả khi bạn cầm nắm sử dụng bình thường cũng như khi thao tác với bút S Pen.</p>', '636444582039696633_1.jpg', 5990000, 'Lorem ipsum dolor sit amet, consectetur adipisicing elit. Aliquid, quo, minima, inventore voluptatum saepe quos nostrum provident.');
INSERT INTO `sanpham` (`id`, `idLoaiSanPham`, `tieude`, `noidung`, `image`, `gia`, `tomtat`) VALUES
(26, 5, 'HP 15-da0107TU/Celeron N4000', ' <h1 style="text-align: center">Đánh giá chi tiết Samsung Galaxy Note 9 512GB</h1>\r\n    <p style="font-size: 22px;"><span style="color: blue">Samsung Note 9 512GB Blue </span>là chiếc điện thoại hoàn hảo nhất hiện nay với tất cả \r\ncác tính năng đều xuất sắc và bút S Pen thông minh hơn bao giờ hết.</p>\r\n    <h2>Trợ lý đắc lực S Pen</h2>\r\n    <p style="font-size: 22px;">S Pen trên Galaxy Note 9 512GB không chỉ mang lại cảm giác ghi chú, \r\n    viết vẽ như thật mà nó còn có rất nhiều tính năng hữu ích. Lần đầu tiên S Pen được kết nối Bluetooth với Note 9. Nhờ thế bạn có thể điều khiển nhạc, chụp ảnh từ xa, điều khiển bài thuyết trình và nhiều tác vụ thông minh khác bằng S Pen. S Pen sẽ là người trợ lý đắc lực cho bạn để thực hiện những thao tác nhanh và tiện lợi chỉ có ở Note9.</p>\r\n    <h2>Màn hình phá vỡ mọi khuôn khổ giới hạn</h2>\r\n    <p style="font-size: 22px;">Note9 phiên bản 512GB là chiếc Galaxy Note có màn hình lớn nhất từ trước đến nay với màn hình vô cực 6,4 inch độ phân giải Quad HD siêu sắc nét. Đây là màn hình được DisplayMate đánh giá là xuất sắc nhất thế giới smartphone hiện tại khi sở hữu độ chi tiết, độ sáng, độ tương phản vượt trội cùng màu sắc chính xác tuyệt đối. Tất cả các nội dung được hiển thị trên chiếc Galaxy Note 9 đều có chất lượng đỉnh cao, mang đến trải nghiệm xem tuyệt vời trong một chiếc máy thời trang nằm gọn hoàn hảo trong lòng bàn tay bạn.</p>\r\n    <h2>Tuyệt tác của thiết kế</h2>\r\n    <p style="font-size: 22px;">Samsung Note 9 có một vẻ đẹp thuần khiết với sự đơn giản và các đường nét sắc sảo trong thiết kế. Phần khung kim loại cứng cáp hoàn toàn liền lạc với hai mặt kính cong 3D, tạo nên một chiếc máy thoải mái kể cả khi bạn cầm nắm sử dụng bình thường cũng như khi thao tác với bút S Pen.</p>', '636444582039696633_123.jpg', 6190000, 'Lorem ipsum dolor sit amet, consectetur adipisicing elit. Aliquid, quo, minima, inventore voluptatum saepe quos nostrum provident.'),
(27, 5, 'HP 15-da0037TX/i3 7020U', ' <h1 style="text-align: center">Đánh giá chi tiết Samsung Galaxy Note 9 512GB</h1>\r\n    <p style="font-size: 22px;"><span style="color: blue">Samsung Note 9 512GB Blue </span>là chiếc điện thoại hoàn hảo nhất hiện nay với tất cả \r\ncác tính năng đều xuất sắc và bút S Pen thông minh hơn bao giờ hết.</p>\r\n    <h2>Trợ lý đắc lực S Pen</h2>\r\n    <p style="font-size: 22px;">S Pen trên Galaxy Note 9 512GB không chỉ mang lại cảm giác ghi chú, \r\n    viết vẽ như thật mà nó còn có rất nhiều tính năng hữu ích. Lần đầu tiên S Pen được kết nối Bluetooth với Note 9. Nhờ thế bạn có thể điều khiển nhạc, chụp ảnh từ xa, điều khiển bài thuyết trình và nhiều tác vụ thông minh khác bằng S Pen. S Pen sẽ là người trợ lý đắc lực cho bạn để thực hiện những thao tác nhanh và tiện lợi chỉ có ở Note9.</p>\r\n    <h2>Màn hình phá vỡ mọi khuôn khổ giới hạn</h2>\r\n    <p style="font-size: 22px;">Note9 phiên bản 512GB là chiếc Galaxy Note có màn hình lớn nhất từ trước đến nay với màn hình vô cực 6,4 inch độ phân giải Quad HD siêu sắc nét. Đây là màn hình được DisplayMate đánh giá là xuất sắc nhất thế giới smartphone hiện tại khi sở hữu độ chi tiết, độ sáng, độ tương phản vượt trội cùng màu sắc chính xác tuyệt đối. Tất cả các nội dung được hiển thị trên chiếc Galaxy Note 9 đều có chất lượng đỉnh cao, mang đến trải nghiệm xem tuyệt vời trong một chiếc máy thời trang nằm gọn hoàn hảo trong lòng bàn tay bạn.</p>\r\n    <h2>Tuyệt tác của thiết kế</h2>\r\n    <p style="font-size: 22px;">Samsung Note 9 có một vẻ đẹp thuần khiết với sự đơn giản và các đường nét sắc sảo trong thiết kế. Phần khung kim loại cứng cáp hoàn toàn liền lạc với hai mặt kính cong 3D, tạo nên một chiếc máy thoải mái kể cả khi bạn cầm nắm sử dụng bình thường cũng như khi thao tác với bút S Pen.</p>', '636767658598788350_0.png', 10990000, 'Lorem ipsum dolor sit amet, consectetur adipisicing elit. Aliquid, quo, minima, inventore voluptatum saepe quos nostrum provident.'),
(28, 5, 'HP Pavilion 14-ce0027TU', ' <h1 style="text-align: center">Đánh giá chi tiết Samsung Galaxy Note 9 512GB</h1>\r\n    <p style="font-size: 22px;"><span style="color: blue">Samsung Note 9 512GB Blue </span>là chiếc điện thoại hoàn hảo nhất hiện nay với tất cả \r\ncác tính năng đều xuất sắc và bút S Pen thông minh hơn bao giờ hết.</p>\r\n    <h2>Trợ lý đắc lực S Pen</h2>\r\n    <p style="font-size: 22px;">S Pen trên Galaxy Note 9 512GB không chỉ mang lại cảm giác ghi chú, \r\n    viết vẽ như thật mà nó còn có rất nhiều tính năng hữu ích. Lần đầu tiên S Pen được kết nối Bluetooth với Note 9. Nhờ thế bạn có thể điều khiển nhạc, chụp ảnh từ xa, điều khiển bài thuyết trình và nhiều tác vụ thông minh khác bằng S Pen. S Pen sẽ là người trợ lý đắc lực cho bạn để thực hiện những thao tác nhanh và tiện lợi chỉ có ở Note9.</p>\r\n    <h2>Màn hình phá vỡ mọi khuôn khổ giới hạn</h2>\r\n    <p style="font-size: 22px;">Note9 phiên bản 512GB là chiếc Galaxy Note có màn hình lớn nhất từ trước đến nay với màn hình vô cực 6,4 inch độ phân giải Quad HD siêu sắc nét. Đây là màn hình được DisplayMate đánh giá là xuất sắc nhất thế giới smartphone hiện tại khi sở hữu độ chi tiết, độ sáng, độ tương phản vượt trội cùng màu sắc chính xác tuyệt đối. Tất cả các nội dung được hiển thị trên chiếc Galaxy Note 9 đều có chất lượng đỉnh cao, mang đến trải nghiệm xem tuyệt vời trong một chiếc máy thời trang nằm gọn hoàn hảo trong lòng bàn tay bạn.</p>\r\n    <h2>Tuyệt tác của thiết kế</h2>\r\n    <p style="font-size: 22px;">Samsung Note 9 có một vẻ đẹp thuần khiết với sự đơn giản và các đường nét sắc sảo trong thiết kế. Phần khung kim loại cứng cáp hoàn toàn liền lạc với hai mặt kính cong 3D, tạo nên một chiếc máy thoải mái kể cả khi bạn cầm nắm sử dụng bình thường cũng như khi thao tác với bút S Pen.</p>', '636379607952705713_HP-Pavilion-14-bf018TU-1.png', 12690000, 'Lorem ipsum dolor sit amet, consectetur adipisicing elit. Aliquid, quo, minima, inventore voluptatum saepe quos nostrum provident.'),
(29, 5, 'HP Envy 13-ah0027TU/Core i7-8550U', ' <h1 style="text-align: center">Đánh giá chi tiết Samsung Galaxy Note 9 512GB</h1>\r\n    <p style="font-size: 22px;"><span style="color: blue">Samsung Note 9 512GB Blue </span>là chiếc điện thoại hoàn hảo nhất hiện nay với tất cả \r\ncác tính năng đều xuất sắc và bút S Pen thông minh hơn bao giờ hết.</p>\r\n    <h2>Trợ lý đắc lực S Pen</h2>\r\n    <p style="font-size: 22px;">S Pen trên Galaxy Note 9 512GB không chỉ mang lại cảm giác ghi chú, \r\n    viết vẽ như thật mà nó còn có rất nhiều tính năng hữu ích. Lần đầu tiên S Pen được kết nối Bluetooth với Note 9. Nhờ thế bạn có thể điều khiển nhạc, chụp ảnh từ xa, điều khiển bài thuyết trình và nhiều tác vụ thông minh khác bằng S Pen. S Pen sẽ là người trợ lý đắc lực cho bạn để thực hiện những thao tác nhanh và tiện lợi chỉ có ở Note9.</p>\r\n    <h2>Màn hình phá vỡ mọi khuôn khổ giới hạn</h2>\r\n    <p style="font-size: 22px;">Note9 phiên bản 512GB là chiếc Galaxy Note có màn hình lớn nhất từ trước đến nay với màn hình vô cực 6,4 inch độ phân giải Quad HD siêu sắc nét. Đây là màn hình được DisplayMate đánh giá là xuất sắc nhất thế giới smartphone hiện tại khi sở hữu độ chi tiết, độ sáng, độ tương phản vượt trội cùng màu sắc chính xác tuyệt đối. Tất cả các nội dung được hiển thị trên chiếc Galaxy Note 9 đều có chất lượng đỉnh cao, mang đến trải nghiệm xem tuyệt vời trong một chiếc máy thời trang nằm gọn hoàn hảo trong lòng bàn tay bạn.</p>\r\n    <h2>Tuyệt tác của thiết kế</h2>\r\n    <p style="font-size: 22px;">Samsung Note 9 có một vẻ đẹp thuần khiết với sự đơn giản và các đường nét sắc sảo trong thiết kế. Phần khung kim loại cứng cáp hoàn toàn liền lạc với hai mặt kính cong 3D, tạo nên một chiếc máy thoải mái kể cả khi bạn cầm nắm sử dụng bình thường cũng như khi thao tác với bút S Pen.</p>', '636384033587690493_HP-Envy-13-ad076TU-1.png', 26990000, 'Lorem ipsum dolor sit amet, consectetur adipisicing elit. Aliquid, quo, minima, inventore voluptatum saepe quos nostrum provident.'),
(30, 6, 'Macbook Air 13 128GB MQD32SA/A (2017)', ' <h1 style="text-align: center">Đánh giá chi tiết Samsung Galaxy Note 9 512GB</h1>\r\n    <p style="font-size: 22px;"><span style="color: blue">Samsung Note 9 512GB Blue </span>là chiếc điện thoại hoàn hảo nhất hiện nay với tất cả \r\ncác tính năng đều xuất sắc và bút S Pen thông minh hơn bao giờ hết.</p>\r\n    <h2>Trợ lý đắc lực S Pen</h2>\r\n    <p style="font-size: 22px;">S Pen trên Galaxy Note 9 512GB không chỉ mang lại cảm giác ghi chú, \r\n    viết vẽ như thật mà nó còn có rất nhiều tính năng hữu ích. Lần đầu tiên S Pen được kết nối Bluetooth với Note 9. Nhờ thế bạn có thể điều khiển nhạc, chụp ảnh từ xa, điều khiển bài thuyết trình và nhiều tác vụ thông minh khác bằng S Pen. S Pen sẽ là người trợ lý đắc lực cho bạn để thực hiện những thao tác nhanh và tiện lợi chỉ có ở Note9.</p>\r\n    <h2>Màn hình phá vỡ mọi khuôn khổ giới hạn</h2>\r\n    <p style="font-size: 22px;">Note9 phiên bản 512GB là chiếc Galaxy Note có màn hình lớn nhất từ trước đến nay với màn hình vô cực 6,4 inch độ phân giải Quad HD siêu sắc nét. Đây là màn hình được DisplayMate đánh giá là xuất sắc nhất thế giới smartphone hiện tại khi sở hữu độ chi tiết, độ sáng, độ tương phản vượt trội cùng màu sắc chính xác tuyệt đối. Tất cả các nội dung được hiển thị trên chiếc Galaxy Note 9 đều có chất lượng đỉnh cao, mang đến trải nghiệm xem tuyệt vời trong một chiếc máy thời trang nằm gọn hoàn hảo trong lòng bàn tay bạn.</p>\r\n    <h2>Tuyệt tác của thiết kế</h2>\r\n    <p style="font-size: 22px;">Samsung Note 9 có một vẻ đẹp thuần khiết với sự đơn giản và các đường nét sắc sảo trong thiết kế. Phần khung kim loại cứng cáp hoàn toàn liền lạc với hai mặt kính cong 3D, tạo nên một chiếc máy thoải mái kể cả khi bạn cầm nắm sử dụng bình thường cũng như khi thao tác với bút S Pen.</p>', '636688207026676028_macbookair-1.jpg', 22990000, 'Lorem ipsum dolor sit amet, consectetur adipisicing elit. Aliquid, quo, minima, inventore voluptatum saepe quos nostrum provident.'),
(31, 6, 'Macbook Air 13 128GB 2018', ' <h1 style="text-align: center">Đánh giá chi tiết Samsung Galaxy Note 9 512GB</h1>\r\n    <p style="font-size: 22px;"><span style="color: blue">Samsung Note 9 512GB Blue </span>là chiếc điện thoại hoàn hảo nhất hiện nay với tất cả \r\ncác tính năng đều xuất sắc và bút S Pen thông minh hơn bao giờ hết.</p>\r\n    <h2>Trợ lý đắc lực S Pen</h2>\r\n    <p style="font-size: 22px;">S Pen trên Galaxy Note 9 512GB không chỉ mang lại cảm giác ghi chú, \r\n    viết vẽ như thật mà nó còn có rất nhiều tính năng hữu ích. Lần đầu tiên S Pen được kết nối Bluetooth với Note 9. Nhờ thế bạn có thể điều khiển nhạc, chụp ảnh từ xa, điều khiển bài thuyết trình và nhiều tác vụ thông minh khác bằng S Pen. S Pen sẽ là người trợ lý đắc lực cho bạn để thực hiện những thao tác nhanh và tiện lợi chỉ có ở Note9.</p>\r\n    <h2>Màn hình phá vỡ mọi khuôn khổ giới hạn</h2>\r\n    <p style="font-size: 22px;">Note9 phiên bản 512GB là chiếc Galaxy Note có màn hình lớn nhất từ trước đến nay với màn hình vô cực 6,4 inch độ phân giải Quad HD siêu sắc nét. Đây là màn hình được DisplayMate đánh giá là xuất sắc nhất thế giới smartphone hiện tại khi sở hữu độ chi tiết, độ sáng, độ tương phản vượt trội cùng màu sắc chính xác tuyệt đối. Tất cả các nội dung được hiển thị trên chiếc Galaxy Note 9 đều có chất lượng đỉnh cao, mang đến trải nghiệm xem tuyệt vời trong một chiếc máy thời trang nằm gọn hoàn hảo trong lòng bàn tay bạn.</p>\r\n    <h2>Tuyệt tác của thiết kế</h2>\r\n    <p style="font-size: 22px;">Samsung Note 9 có một vẻ đẹp thuần khiết với sự đơn giản và các đường nét sắc sảo trong thiết kế. Phần khung kim loại cứng cáp hoàn toàn liền lạc với hai mặt kính cong 3D, tạo nên một chiếc máy thoải mái kể cả khi bạn cầm nắm sử dụng bình thường cũng như khi thao tác với bút S Pen.</p>', '636778883213369758_macbook-air-13-2018-Gold-1.png', 33990000, 'Lorem ipsum dolor sit amet, consectetur adipisicing elit. Aliquid, quo, minima, inventore voluptatum saepe quos nostrum provident.'),
(32, 6, 'Macbook 12 256GB (2017)', ' <h1 style="text-align: center">Đánh giá chi tiết Samsung Galaxy Note 9 512GB</h1>\r\n    <p style="font-size: 22px;"><span style="color: blue">Samsung Note 9 512GB Blue </span>là chiếc điện thoại hoàn hảo nhất hiện nay với tất cả \r\ncác tính năng đều xuất sắc và bút S Pen thông minh hơn bao giờ hết.</p>\r\n    <h2>Trợ lý đắc lực S Pen</h2>\r\n    <p style="font-size: 22px;">S Pen trên Galaxy Note 9 512GB không chỉ mang lại cảm giác ghi chú, \r\n    viết vẽ như thật mà nó còn có rất nhiều tính năng hữu ích. Lần đầu tiên S Pen được kết nối Bluetooth với Note 9. Nhờ thế bạn có thể điều khiển nhạc, chụp ảnh từ xa, điều khiển bài thuyết trình và nhiều tác vụ thông minh khác bằng S Pen. S Pen sẽ là người trợ lý đắc lực cho bạn để thực hiện những thao tác nhanh và tiện lợi chỉ có ở Note9.</p>\r\n    <h2>Màn hình phá vỡ mọi khuôn khổ giới hạn</h2>\r\n    <p style="font-size: 22px;">Note9 phiên bản 512GB là chiếc Galaxy Note có màn hình lớn nhất từ trước đến nay với màn hình vô cực 6,4 inch độ phân giải Quad HD siêu sắc nét. Đây là màn hình được DisplayMate đánh giá là xuất sắc nhất thế giới smartphone hiện tại khi sở hữu độ chi tiết, độ sáng, độ tương phản vượt trội cùng màu sắc chính xác tuyệt đối. Tất cả các nội dung được hiển thị trên chiếc Galaxy Note 9 đều có chất lượng đỉnh cao, mang đến trải nghiệm xem tuyệt vời trong một chiếc máy thời trang nằm gọn hoàn hảo trong lòng bàn tay bạn.</p>\r\n    <h2>Tuyệt tác của thiết kế</h2>\r\n    <p style="font-size: 22px;">Samsung Note 9 có một vẻ đẹp thuần khiết với sự đơn giản và các đường nét sắc sảo trong thiết kế. Phần khung kim loại cứng cáp hoàn toàn liền lạc với hai mặt kính cong 3D, tạo nên một chiếc máy thoải mái kể cả khi bạn cầm nắm sử dụng bình thường cũng như khi thao tác với bút S Pen.</p>', '636688312719928116_macbook12-hong-0.jpg', 33990000, 'Lorem ipsum dolor sit amet, consectetur adipisicing elit. Aliquid, quo, minima, inventore voluptatum saepe quos nostrum provident.'),
(33, 6, 'Macbook Pro 13 Touch Bar 256 GB (2018) ', ' <h1 style="text-align: center">Đánh giá chi tiết Samsung Galaxy Note 9 512GB</h1>\r\n    <p style="font-size: 22px;"><span style="color: blue">Samsung Note 9 512GB Blue </span>là chiếc điện thoại hoàn hảo nhất hiện nay với tất cả \r\ncác tính năng đều xuất sắc và bút S Pen thông minh hơn bao giờ hết.</p>\r\n    <h2>Trợ lý đắc lực S Pen</h2>\r\n    <p style="font-size: 22px;">S Pen trên Galaxy Note 9 512GB không chỉ mang lại cảm giác ghi chú, \r\n    viết vẽ như thật mà nó còn có rất nhiều tính năng hữu ích. Lần đầu tiên S Pen được kết nối Bluetooth với Note 9. Nhờ thế bạn có thể điều khiển nhạc, chụp ảnh từ xa, điều khiển bài thuyết trình và nhiều tác vụ thông minh khác bằng S Pen. S Pen sẽ là người trợ lý đắc lực cho bạn để thực hiện những thao tác nhanh và tiện lợi chỉ có ở Note9.</p>\r\n    <h2>Màn hình phá vỡ mọi khuôn khổ giới hạn</h2>\r\n    <p style="font-size: 22px;">Note9 phiên bản 512GB là chiếc Galaxy Note có màn hình lớn nhất từ trước đến nay với màn hình vô cực 6,4 inch độ phân giải Quad HD siêu sắc nét. Đây là màn hình được DisplayMate đánh giá là xuất sắc nhất thế giới smartphone hiện tại khi sở hữu độ chi tiết, độ sáng, độ tương phản vượt trội cùng màu sắc chính xác tuyệt đối. Tất cả các nội dung được hiển thị trên chiếc Galaxy Note 9 đều có chất lượng đỉnh cao, mang đến trải nghiệm xem tuyệt vời trong một chiếc máy thời trang nằm gọn hoàn hảo trong lòng bàn tay bạn.</p>\r\n    <h2>Tuyệt tác của thiết kế</h2>\r\n    <p style="font-size: 22px;">Samsung Note 9 có một vẻ đẹp thuần khiết với sự đơn giản và các đường nét sắc sảo trong thiết kế. Phần khung kim loại cứng cáp hoàn toàn liền lạc với hai mặt kính cong 3D, tạo nên một chiếc máy thoải mái kể cả khi bạn cầm nắm sử dụng bình thường cũng như khi thao tác với bút S Pen.</p>', '636716712475449777_macbook-pro-13-touch-bar-256gb-2018-xam-3.jpg', 44990000, 'Lorem ipsum dolor sit amet, consectetur adipisicing elit. Aliquid, quo, minima, inventore voluptatum saepe quos nostrum provident.'),
(34, 6, 'Macbook Pro 15 Touch Bar 512 GB (2018)', ' <h1 style="text-align: center">Đánh giá chi tiết Samsung Galaxy Note 9 512GB</h1>\r\n    <p style="font-size: 22px;"><span style="color: blue">Samsung Note 9 512GB Blue </span>là chiếc điện thoại hoàn hảo nhất hiện nay với tất cả \r\ncác tính năng đều xuất sắc và bút S Pen thông minh hơn bao giờ hết.</p>\r\n    <h2>Trợ lý đắc lực S Pen</h2>\r\n    <p style="font-size: 22px;">S Pen trên Galaxy Note 9 512GB không chỉ mang lại cảm giác ghi chú, \r\n    viết vẽ như thật mà nó còn có rất nhiều tính năng hữu ích. Lần đầu tiên S Pen được kết nối Bluetooth với Note 9. Nhờ thế bạn có thể điều khiển nhạc, chụp ảnh từ xa, điều khiển bài thuyết trình và nhiều tác vụ thông minh khác bằng S Pen. S Pen sẽ là người trợ lý đắc lực cho bạn để thực hiện những thao tác nhanh và tiện lợi chỉ có ở Note9.</p>\r\n    <h2>Màn hình phá vỡ mọi khuôn khổ giới hạn</h2>\r\n    <p style="font-size: 22px;">Note9 phiên bản 512GB là chiếc Galaxy Note có màn hình lớn nhất từ trước đến nay với màn hình vô cực 6,4 inch độ phân giải Quad HD siêu sắc nét. Đây là màn hình được DisplayMate đánh giá là xuất sắc nhất thế giới smartphone hiện tại khi sở hữu độ chi tiết, độ sáng, độ tương phản vượt trội cùng màu sắc chính xác tuyệt đối. Tất cả các nội dung được hiển thị trên chiếc Galaxy Note 9 đều có chất lượng đỉnh cao, mang đến trải nghiệm xem tuyệt vời trong một chiếc máy thời trang nằm gọn hoàn hảo trong lòng bàn tay bạn.</p>\r\n    <h2>Tuyệt tác của thiết kế</h2>\r\n    <p style="font-size: 22px;">Samsung Note 9 có một vẻ đẹp thuần khiết với sự đơn giản và các đường nét sắc sảo trong thiết kế. Phần khung kim loại cứng cáp hoàn toàn liền lạc với hai mặt kính cong 3D, tạo nên một chiếc máy thoải mái kể cả khi bạn cầm nắm sử dụng bình thường cũng như khi thao tác với bút S Pen.</p>', '636699431899480051_macbookpro-13-15-1.png', 69990000, 'Lorem ipsum dolor sit amet, consectetur adipisicing elit. Aliquid, quo, minima, inventore voluptatum saepe quos nostrum provident.'),
(35, 7, 'Asus VIVOBOOK X507UA-EJ234T/Core i3-7020U ', ' <h1 style="text-align: center">Đánh giá chi tiết Samsung Galaxy Note 9 512GB</h1>\r\n    <p style="font-size: 22px;"><span style="color: blue">Samsung Note 9 512GB Blue </span>là chiếc điện thoại hoàn hảo nhất hiện nay với tất cả \r\ncác tính năng đều xuất sắc và bút S Pen thông minh hơn bao giờ hết.</p>\r\n    <h2>Trợ lý đắc lực S Pen</h2>\r\n    <p style="font-size: 22px;">S Pen trên Galaxy Note 9 512GB không chỉ mang lại cảm giác ghi chú, \r\n    viết vẽ như thật mà nó còn có rất nhiều tính năng hữu ích. Lần đầu tiên S Pen được kết nối Bluetooth với Note 9. Nhờ thế bạn có thể điều khiển nhạc, chụp ảnh từ xa, điều khiển bài thuyết trình và nhiều tác vụ thông minh khác bằng S Pen. S Pen sẽ là người trợ lý đắc lực cho bạn để thực hiện những thao tác nhanh và tiện lợi chỉ có ở Note9.</p>\r\n    <h2>Màn hình phá vỡ mọi khuôn khổ giới hạn</h2>\r\n    <p style="font-size: 22px;">Note9 phiên bản 512GB là chiếc Galaxy Note có màn hình lớn nhất từ trước đến nay với màn hình vô cực 6,4 inch độ phân giải Quad HD siêu sắc nét. Đây là màn hình được DisplayMate đánh giá là xuất sắc nhất thế giới smartphone hiện tại khi sở hữu độ chi tiết, độ sáng, độ tương phản vượt trội cùng màu sắc chính xác tuyệt đối. Tất cả các nội dung được hiển thị trên chiếc Galaxy Note 9 đều có chất lượng đỉnh cao, mang đến trải nghiệm xem tuyệt vời trong một chiếc máy thời trang nằm gọn hoàn hảo trong lòng bàn tay bạn.</p>\r\n    <h2>Tuyệt tác của thiết kế</h2>\r\n    <p style="font-size: 22px;">Samsung Note 9 có một vẻ đẹp thuần khiết với sự đơn giản và các đường nét sắc sảo trong thiết kế. Phần khung kim loại cứng cáp hoàn toàn liền lạc với hai mặt kính cong 3D, tạo nên một chiếc máy thoải mái kể cả khi bạn cầm nắm sử dụng bình thường cũng như khi thao tác với bút S Pen.</p>', '636578276360025570_Asus-X507UA-BR167T-1.png', 10590000, 'Lorem ipsum dolor sit amet, consectetur adipisicing elit. Aliquid, quo, minima, inventore voluptatum saepe quos nostrum provident.'),
(36, 7, 'Asus TUF FX504GD-E4571T/i5-8300H ', ' <h1 style="text-align: center">Đánh giá chi tiết Samsung Galaxy Note 9 512GB</h1>\r\n    <p style="font-size: 22px;"><span style="color: blue">Samsung Note 9 512GB Blue </span>là chiếc điện thoại hoàn hảo nhất hiện nay với tất cả \r\ncác tính năng đều xuất sắc và bút S Pen thông minh hơn bao giờ hết.</p>\r\n    <h2>Trợ lý đắc lực S Pen</h2>\r\n    <p style="font-size: 22px;">S Pen trên Galaxy Note 9 512GB không chỉ mang lại cảm giác ghi chú, \r\n    viết vẽ như thật mà nó còn có rất nhiều tính năng hữu ích. Lần đầu tiên S Pen được kết nối Bluetooth với Note 9. Nhờ thế bạn có thể điều khiển nhạc, chụp ảnh từ xa, điều khiển bài thuyết trình và nhiều tác vụ thông minh khác bằng S Pen. S Pen sẽ là người trợ lý đắc lực cho bạn để thực hiện những thao tác nhanh và tiện lợi chỉ có ở Note9.</p>\r\n    <h2>Màn hình phá vỡ mọi khuôn khổ giới hạn</h2>\r\n    <p style="font-size: 22px;">Note9 phiên bản 512GB là chiếc Galaxy Note có màn hình lớn nhất từ trước đến nay với màn hình vô cực 6,4 inch độ phân giải Quad HD siêu sắc nét. Đây là màn hình được DisplayMate đánh giá là xuất sắc nhất thế giới smartphone hiện tại khi sở hữu độ chi tiết, độ sáng, độ tương phản vượt trội cùng màu sắc chính xác tuyệt đối. Tất cả các nội dung được hiển thị trên chiếc Galaxy Note 9 đều có chất lượng đỉnh cao, mang đến trải nghiệm xem tuyệt vời trong một chiếc máy thời trang nằm gọn hoàn hảo trong lòng bàn tay bạn.</p>\r\n    <h2>Tuyệt tác của thiết kế</h2>\r\n    <p style="font-size: 22px;">Samsung Note 9 có một vẻ đẹp thuần khiết với sự đơn giản và các đường nét sắc sảo trong thiết kế. Phần khung kim loại cứng cáp hoàn toàn liền lạc với hai mặt kính cong 3D, tạo nên một chiếc máy thoải mái kể cả khi bạn cầm nắm sử dụng bình thường cũng như khi thao tác với bút S Pen.</p>', '636596376810147488_Asus-TUF-FX504GD-2.png', 20290000, 'Lorem ipsum dolor sit amet, consectetur adipisicing elit. Aliquid, quo, minima, inventore voluptatum saepe quos nostrum provident.'),
(37, 7, 'Asus Vivobook X407UA-BV488T/i3-7020U/4G+16GB Optane/1TB/WIN10 ', ' <h1 style="text-align: center">Đánh giá chi tiết Samsung Galaxy Note 9 512GB</h1>\r\n    <p style="font-size: 22px;"><span style="color: blue">Samsung Note 9 512GB Blue </span>là chiếc điện thoại hoàn hảo nhất hiện nay với tất cả \r\ncác tính năng đều xuất sắc và bút S Pen thông minh hơn bao giờ hết.</p>\r\n    <h2>Trợ lý đắc lực S Pen</h2>\r\n    <p style="font-size: 22px;">S Pen trên Galaxy Note 9 512GB không chỉ mang lại cảm giác ghi chú, \r\n    viết vẽ như thật mà nó còn có rất nhiều tính năng hữu ích. Lần đầu tiên S Pen được kết nối Bluetooth với Note 9. Nhờ thế bạn có thể điều khiển nhạc, chụp ảnh từ xa, điều khiển bài thuyết trình và nhiều tác vụ thông minh khác bằng S Pen. S Pen sẽ là người trợ lý đắc lực cho bạn để thực hiện những thao tác nhanh và tiện lợi chỉ có ở Note9.</p>\r\n    <h2>Màn hình phá vỡ mọi khuôn khổ giới hạn</h2>\r\n    <p style="font-size: 22px;">Note9 phiên bản 512GB là chiếc Galaxy Note có màn hình lớn nhất từ trước đến nay với màn hình vô cực 6,4 inch độ phân giải Quad HD siêu sắc nét. Đây là màn hình được DisplayMate đánh giá là xuất sắc nhất thế giới smartphone hiện tại khi sở hữu độ chi tiết, độ sáng, độ tương phản vượt trội cùng màu sắc chính xác tuyệt đối. Tất cả các nội dung được hiển thị trên chiếc Galaxy Note 9 đều có chất lượng đỉnh cao, mang đến trải nghiệm xem tuyệt vời trong một chiếc máy thời trang nằm gọn hoàn hảo trong lòng bàn tay bạn.</p>\r\n    <h2>Tuyệt tác của thiết kế</h2>\r\n    <p style="font-size: 22px;">Samsung Note 9 có một vẻ đẹp thuần khiết với sự đơn giản và các đường nét sắc sảo trong thiết kế. Phần khung kim loại cứng cáp hoàn toàn liền lạc với hai mặt kính cong 3D, tạo nên một chiếc máy thoải mái kể cả khi bạn cầm nắm sử dụng bình thường cũng như khi thao tác với bút S Pen.</p>', '636795390372140000_Untitled-5.png', 10990000, 'Lorem ipsum dolor sit amet, consectetur adipisicing elit. Aliquid, quo, minima, inventore voluptatum saepe quos nostrum provident.'),
(38, 7, 'Asus Vivobook S430UA-EB099T/Core i5-8250U ', ' <h1 style="text-align: center">Đánh giá chi tiết Samsung Galaxy Note 9 512GB</h1>\r\n    <p style="font-size: 22px;"><span style="color: blue">Samsung Note 9 512GB Blue </span>là chiếc điện thoại hoàn hảo nhất hiện nay với tất cả \r\ncác tính năng đều xuất sắc và bút S Pen thông minh hơn bao giờ hết.</p>\r\n    <h2>Trợ lý đắc lực S Pen</h2>\r\n    <p style="font-size: 22px;">S Pen trên Galaxy Note 9 512GB không chỉ mang lại cảm giác ghi chú, \r\n    viết vẽ như thật mà nó còn có rất nhiều tính năng hữu ích. Lần đầu tiên S Pen được kết nối Bluetooth với Note 9. Nhờ thế bạn có thể điều khiển nhạc, chụp ảnh từ xa, điều khiển bài thuyết trình và nhiều tác vụ thông minh khác bằng S Pen. S Pen sẽ là người trợ lý đắc lực cho bạn để thực hiện những thao tác nhanh và tiện lợi chỉ có ở Note9.</p>\r\n    <h2>Màn hình phá vỡ mọi khuôn khổ giới hạn</h2>\r\n    <p style="font-size: 22px;">Note9 phiên bản 512GB là chiếc Galaxy Note có màn hình lớn nhất từ trước đến nay với màn hình vô cực 6,4 inch độ phân giải Quad HD siêu sắc nét. Đây là màn hình được DisplayMate đánh giá là xuất sắc nhất thế giới smartphone hiện tại khi sở hữu độ chi tiết, độ sáng, độ tương phản vượt trội cùng màu sắc chính xác tuyệt đối. Tất cả các nội dung được hiển thị trên chiếc Galaxy Note 9 đều có chất lượng đỉnh cao, mang đến trải nghiệm xem tuyệt vời trong một chiếc máy thời trang nằm gọn hoàn hảo trong lòng bàn tay bạn.</p>\r\n    <h2>Tuyệt tác của thiết kế</h2>\r\n    <p style="font-size: 22px;">Samsung Note 9 có một vẻ đẹp thuần khiết với sự đơn giản và các đường nét sắc sảo trong thiết kế. Phần khung kim loại cứng cáp hoàn toàn liền lạc với hai mặt kính cong 3D, tạo nên một chiếc máy thoải mái kể cả khi bạn cầm nắm sử dụng bình thường cũng như khi thao tác với bút S Pen.</p>', '636716692814333941_Asus-S13-14-1.png', 16390000, 'Lorem ipsum dolor sit amet, consectetur adipisicing elit. Aliquid, quo, minima, inventore voluptatum saepe quos nostrum provident.'),
(39, 8, 'iPad 2018 WiFi 32GB', ' <h1 style="text-align: center">Đánh giá chi tiết Samsung Galaxy Note 9 512GB</h1>\r\n    <p style="font-size: 22px;"><span style="color: blue">Samsung Note 9 512GB Blue </span>là chiếc điện thoại hoàn hảo nhất hiện nay với tất cả \r\ncác tính năng đều xuất sắc và bút S Pen thông minh hơn bao giờ hết.</p>\r\n    <h2>Trợ lý đắc lực S Pen</h2>\r\n    <p style="font-size: 22px;">S Pen trên Galaxy Note 9 512GB không chỉ mang lại cảm giác ghi chú, \r\n    viết vẽ như thật mà nó còn có rất nhiều tính năng hữu ích. Lần đầu tiên S Pen được kết nối Bluetooth với Note 9. Nhờ thế bạn có thể điều khiển nhạc, chụp ảnh từ xa, điều khiển bài thuyết trình và nhiều tác vụ thông minh khác bằng S Pen. S Pen sẽ là người trợ lý đắc lực cho bạn để thực hiện những thao tác nhanh và tiện lợi chỉ có ở Note9.</p>\r\n    <h2>Màn hình phá vỡ mọi khuôn khổ giới hạn</h2>\r\n    <p style="font-size: 22px;">Note9 phiên bản 512GB là chiếc Galaxy Note có màn hình lớn nhất từ trước đến nay với màn hình vô cực 6,4 inch độ phân giải Quad HD siêu sắc nét. Đây là màn hình được DisplayMate đánh giá là xuất sắc nhất thế giới smartphone hiện tại khi sở hữu độ chi tiết, độ sáng, độ tương phản vượt trội cùng màu sắc chính xác tuyệt đối. Tất cả các nội dung được hiển thị trên chiếc Galaxy Note 9 đều có chất lượng đỉnh cao, mang đến trải nghiệm xem tuyệt vời trong một chiếc máy thời trang nằm gọn hoàn hảo trong lòng bàn tay bạn.</p>\r\n    <h2>Tuyệt tác của thiết kế</h2>\r\n    <p style="font-size: 22px;">Samsung Note 9 có một vẻ đẹp thuần khiết với sự đơn giản và các đường nét sắc sảo trong thiết kế. Phần khung kim loại cứng cáp hoàn toàn liền lạc với hai mặt kính cong 3D, tạo nên một chiếc máy thoải mái kể cả khi bạn cầm nắm sử dụng bình thường cũng như khi thao tác với bút S Pen.</p>', '636613885428419604_ipad-wifi-gold-1.png', 8990000, 'Lorem ipsum dolor sit amet, consectetur adipisicing elit. Aliquid, quo, minima, inventore voluptatum saepe quos nostrum provident.'),
(40, 8, 'iPad Pro 10.5 WI-FI 64GB (2017)', ' <h1 style="text-align: center">Đánh giá chi tiết Samsung Galaxy Note 9 512GB</h1>\r\n    <p style="font-size: 22px;"><span style="color: blue">Samsung Note 9 512GB Blue </span>là chiếc điện thoại hoàn hảo nhất hiện nay với tất cả \r\ncác tính năng đều xuất sắc và bút S Pen thông minh hơn bao giờ hết.</p>\r\n    <h2>Trợ lý đắc lực S Pen</h2>\r\n    <p style="font-size: 22px;">S Pen trên Galaxy Note 9 512GB không chỉ mang lại cảm giác ghi chú, \r\n    viết vẽ như thật mà nó còn có rất nhiều tính năng hữu ích. Lần đầu tiên S Pen được kết nối Bluetooth với Note 9. Nhờ thế bạn có thể điều khiển nhạc, chụp ảnh từ xa, điều khiển bài thuyết trình và nhiều tác vụ thông minh khác bằng S Pen. S Pen sẽ là người trợ lý đắc lực cho bạn để thực hiện những thao tác nhanh và tiện lợi chỉ có ở Note9.</p>\r\n    <h2>Màn hình phá vỡ mọi khuôn khổ giới hạn</h2>\r\n    <p style="font-size: 22px;">Note9 phiên bản 512GB là chiếc Galaxy Note có màn hình lớn nhất từ trước đến nay với màn hình vô cực 6,4 inch độ phân giải Quad HD siêu sắc nét. Đây là màn hình được DisplayMate đánh giá là xuất sắc nhất thế giới smartphone hiện tại khi sở hữu độ chi tiết, độ sáng, độ tương phản vượt trội cùng màu sắc chính xác tuyệt đối. Tất cả các nội dung được hiển thị trên chiếc Galaxy Note 9 đều có chất lượng đỉnh cao, mang đến trải nghiệm xem tuyệt vời trong một chiếc máy thời trang nằm gọn hoàn hảo trong lòng bàn tay bạn.</p>\r\n    <h2>Tuyệt tác của thiết kế</h2>\r\n    <p style="font-size: 22px;">Samsung Note 9 có một vẻ đẹp thuần khiết với sự đơn giản và các đường nét sắc sảo trong thiết kế. Phần khung kim loại cứng cáp hoàn toàn liền lạc với hai mặt kính cong 3D, tạo nên một chiếc máy thoải mái kể cả khi bạn cầm nắm sử dụng bình thường cũng như khi thao tác với bút S Pen.</p>', '636627767511311808_ipad-pro-105-wi-fi-4g-256gb-2017-vang-1.jpg', 16990000, 'Lorem ipsum dolor sit amet, consectetur adipisicing elit. Aliquid, quo, minima, inventore voluptatum saepe quos nostrum provident.'),
(41, 8, 'iPad Pro 11 WI-FI 64GB', ' <h1 style="text-align: center">Đánh giá chi tiết Samsung Galaxy Note 9 512GB</h1>\r\n    <p style="font-size: 22px;"><span style="color: blue">Samsung Note 9 512GB Blue </span>là chiếc điện thoại hoàn hảo nhất hiện nay với tất cả \r\ncác tính năng đều xuất sắc và bút S Pen thông minh hơn bao giờ hết.</p>\r\n    <h2>Trợ lý đắc lực S Pen</h2>\r\n    <p style="font-size: 22px;">S Pen trên Galaxy Note 9 512GB không chỉ mang lại cảm giác ghi chú, \r\n    viết vẽ như thật mà nó còn có rất nhiều tính năng hữu ích. Lần đầu tiên S Pen được kết nối Bluetooth với Note 9. Nhờ thế bạn có thể điều khiển nhạc, chụp ảnh từ xa, điều khiển bài thuyết trình và nhiều tác vụ thông minh khác bằng S Pen. S Pen sẽ là người trợ lý đắc lực cho bạn để thực hiện những thao tác nhanh và tiện lợi chỉ có ở Note9.</p>\r\n    <h2>Màn hình phá vỡ mọi khuôn khổ giới hạn</h2>\r\n    <p style="font-size: 22px;">Note9 phiên bản 512GB là chiếc Galaxy Note có màn hình lớn nhất từ trước đến nay với màn hình vô cực 6,4 inch độ phân giải Quad HD siêu sắc nét. Đây là màn hình được DisplayMate đánh giá là xuất sắc nhất thế giới smartphone hiện tại khi sở hữu độ chi tiết, độ sáng, độ tương phản vượt trội cùng màu sắc chính xác tuyệt đối. Tất cả các nội dung được hiển thị trên chiếc Galaxy Note 9 đều có chất lượng đỉnh cao, mang đến trải nghiệm xem tuyệt vời trong một chiếc máy thời trang nằm gọn hoàn hảo trong lòng bàn tay bạn.</p>\r\n    <h2>Tuyệt tác của thiết kế</h2>\r\n    <p style="font-size: 22px;">Samsung Note 9 có một vẻ đẹp thuần khiết với sự đơn giản và các đường nét sắc sảo trong thiết kế. Phần khung kim loại cứng cáp hoàn toàn liền lạc với hai mặt kính cong 3D, tạo nên một chiếc máy thoải mái kể cả khi bạn cầm nắm sử dụng bình thường cũng như khi thao tác với bút S Pen.</p>', '636779790264158180_ipad-pro-11-grey-1.png', 21990000, 'Lorem ipsum dolor sit amet, consectetur adipisicing elit. Aliquid, quo, minima, inventore voluptatum saepe quos nostrum provident.'),
(42, 8, 'iPad Pro 12.9 WI-FI 4G 1TB 2018', ' <h1 style="text-align: center">Đánh giá chi tiết Samsung Galaxy Note 9 512GB</h1>\r\n    <p style="font-size: 22px;"><span style="color: blue">Samsung Note 9 512GB Blue </span>là chiếc điện thoại hoàn hảo nhất hiện nay với tất cả \r\ncác tính năng đều xuất sắc và bút S Pen thông minh hơn bao giờ hết.</p>\r\n    <h2>Trợ lý đắc lực S Pen</h2>\r\n    <p style="font-size: 22px;">S Pen trên Galaxy Note 9 512GB không chỉ mang lại cảm giác ghi chú, \r\n    viết vẽ như thật mà nó còn có rất nhiều tính năng hữu ích. Lần đầu tiên S Pen được kết nối Bluetooth với Note 9. Nhờ thế bạn có thể điều khiển nhạc, chụp ảnh từ xa, điều khiển bài thuyết trình và nhiều tác vụ thông minh khác bằng S Pen. S Pen sẽ là người trợ lý đắc lực cho bạn để thực hiện những thao tác nhanh và tiện lợi chỉ có ở Note9.</p>\r\n    <h2>Màn hình phá vỡ mọi khuôn khổ giới hạn</h2>\r\n    <p style="font-size: 22px;">Note9 phiên bản 512GB là chiếc Galaxy Note có màn hình lớn nhất từ trước đến nay với màn hình vô cực 6,4 inch độ phân giải Quad HD siêu sắc nét. Đây là màn hình được DisplayMate đánh giá là xuất sắc nhất thế giới smartphone hiện tại khi sở hữu độ chi tiết, độ sáng, độ tương phản vượt trội cùng màu sắc chính xác tuyệt đối. Tất cả các nội dung được hiển thị trên chiếc Galaxy Note 9 đều có chất lượng đỉnh cao, mang đến trải nghiệm xem tuyệt vời trong một chiếc máy thời trang nằm gọn hoàn hảo trong lòng bàn tay bạn.</p>\r\n    <h2>Tuyệt tác của thiết kế</h2>\r\n    <p style="font-size: 22px;">Samsung Note 9 có một vẻ đẹp thuần khiết với sự đơn giản và các đường nét sắc sảo trong thiết kế. Phần khung kim loại cứng cáp hoàn toàn liền lạc với hai mặt kính cong 3D, tạo nên một chiếc máy thoải mái kể cả khi bạn cầm nắm sử dụng bình thường cũng như khi thao tác với bút S Pen.</p>', '636780992455874337_ipad-pro-6.jpg', 51990000, 'Lorem ipsum dolor sit amet, consectetur adipisicing elit. Aliquid, quo, minima, inventore voluptatum saepe quos nostrum provident.'),
(43, 9, 'Masstel Tab 7 LTE', ' <h1 style="text-align: center">Đánh giá chi tiết Samsung Galaxy Note 9 512GB</h1>\r\n    <p style="font-size: 22px;"><span style="color: blue">Samsung Note 9 512GB Blue </span>là chiếc điện thoại hoàn hảo nhất hiện nay với tất cả \r\ncác tính năng đều xuất sắc và bút S Pen thông minh hơn bao giờ hết.</p>\r\n    <h2>Trợ lý đắc lực S Pen</h2>\r\n    <p style="font-size: 22px;">S Pen trên Galaxy Note 9 512GB không chỉ mang lại cảm giác ghi chú, \r\n    viết vẽ như thật mà nó còn có rất nhiều tính năng hữu ích. Lần đầu tiên S Pen được kết nối Bluetooth với Note 9. Nhờ thế bạn có thể điều khiển nhạc, chụp ảnh từ xa, điều khiển bài thuyết trình và nhiều tác vụ thông minh khác bằng S Pen. S Pen sẽ là người trợ lý đắc lực cho bạn để thực hiện những thao tác nhanh và tiện lợi chỉ có ở Note9.</p>\r\n    <h2>Màn hình phá vỡ mọi khuôn khổ giới hạn</h2>\r\n    <p style="font-size: 22px;">Note9 phiên bản 512GB là chiếc Galaxy Note có màn hình lớn nhất từ trước đến nay với màn hình vô cực 6,4 inch độ phân giải Quad HD siêu sắc nét. Đây là màn hình được DisplayMate đánh giá là xuất sắc nhất thế giới smartphone hiện tại khi sở hữu độ chi tiết, độ sáng, độ tương phản vượt trội cùng màu sắc chính xác tuyệt đối. Tất cả các nội dung được hiển thị trên chiếc Galaxy Note 9 đều có chất lượng đỉnh cao, mang đến trải nghiệm xem tuyệt vời trong một chiếc máy thời trang nằm gọn hoàn hảo trong lòng bàn tay bạn.</p>\r\n    <h2>Tuyệt tác của thiết kế</h2>\r\n    <p style="font-size: 22px;">Samsung Note 9 có một vẻ đẹp thuần khiết với sự đơn giản và các đường nét sắc sảo trong thiết kế. Phần khung kim loại cứng cáp hoàn toàn liền lạc với hai mặt kính cong 3D, tạo nên một chiếc máy thoải mái kể cả khi bạn cầm nắm sử dụng bình thường cũng như khi thao tác với bút S Pen.</p>', '636511062186398472_masstel-tab7-lte-2.jpg', 1990000, 'Lorem ipsum dolor sit amet, consectetur adipisicing elit. Aliquid, quo, minima, inventore voluptatum saepe quos nostrum provident.'),
(44, 9, 'Masstel Tab 7', ' <h1 style="text-align: center">Đánh giá chi tiết Samsung Galaxy Note 9 512GB</h1>\r\n    <p style="font-size: 22px;"><span style="color: blue">Samsung Note 9 512GB Blue </span>là chiếc điện thoại hoàn hảo nhất hiện nay với tất cả \r\ncác tính năng đều xuất sắc và bút S Pen thông minh hơn bao giờ hết.</p>\r\n    <h2>Trợ lý đắc lực S Pen</h2>\r\n    <p style="font-size: 22px;">S Pen trên Galaxy Note 9 512GB không chỉ mang lại cảm giác ghi chú, \r\n    viết vẽ như thật mà nó còn có rất nhiều tính năng hữu ích. Lần đầu tiên S Pen được kết nối Bluetooth với Note 9. Nhờ thế bạn có thể điều khiển nhạc, chụp ảnh từ xa, điều khiển bài thuyết trình và nhiều tác vụ thông minh khác bằng S Pen. S Pen sẽ là người trợ lý đắc lực cho bạn để thực hiện những thao tác nhanh và tiện lợi chỉ có ở Note9.</p>\r\n    <h2>Màn hình phá vỡ mọi khuôn khổ giới hạn</h2>\r\n    <p style="font-size: 22px;">Note9 phiên bản 512GB là chiếc Galaxy Note có màn hình lớn nhất từ trước đến nay với màn hình vô cực 6,4 inch độ phân giải Quad HD siêu sắc nét. Đây là màn hình được DisplayMate đánh giá là xuất sắc nhất thế giới smartphone hiện tại khi sở hữu độ chi tiết, độ sáng, độ tương phản vượt trội cùng màu sắc chính xác tuyệt đối. Tất cả các nội dung được hiển thị trên chiếc Galaxy Note 9 đều có chất lượng đỉnh cao, mang đến trải nghiệm xem tuyệt vời trong một chiếc máy thời trang nằm gọn hoàn hảo trong lòng bàn tay bạn.</p>\r\n    <h2>Tuyệt tác của thiết kế</h2>\r\n    <p style="font-size: 22px;">Samsung Note 9 có một vẻ đẹp thuần khiết với sự đơn giản và các đường nét sắc sảo trong thiết kế. Phần khung kim loại cứng cáp hoàn toàn liền lạc với hai mặt kính cong 3D, tạo nên một chiếc máy thoải mái kể cả khi bạn cầm nắm sử dụng bình thường cũng như khi thao tác với bút S Pen.</p>', '636474860410015038_1.jpg', 1790000, 'Lorem ipsum dolor sit amet, consectetur adipisicing elit. Aliquid, quo, minima, inventore voluptatum saepe quos nostrum provident.'),
(45, 9, 'Masstel Tab 10', ' <h1 style="text-align: center">Đánh giá chi tiết Samsung Galaxy Note 9 512GB</h1>\r\n    <p style="font-size: 22px;"><span style="color: blue">Samsung Note 9 512GB Blue </span>là chiếc điện thoại hoàn hảo nhất hiện nay với tất cả \r\ncác tính năng đều xuất sắc và bút S Pen thông minh hơn bao giờ hết.</p>\r\n    <h2>Trợ lý đắc lực S Pen</h2>\r\n    <p style="font-size: 22px;">S Pen trên Galaxy Note 9 512GB không chỉ mang lại cảm giác ghi chú, \r\n    viết vẽ như thật mà nó còn có rất nhiều tính năng hữu ích. Lần đầu tiên S Pen được kết nối Bluetooth với Note 9. Nhờ thế bạn có thể điều khiển nhạc, chụp ảnh từ xa, điều khiển bài thuyết trình và nhiều tác vụ thông minh khác bằng S Pen. S Pen sẽ là người trợ lý đắc lực cho bạn để thực hiện những thao tác nhanh và tiện lợi chỉ có ở Note9.</p>\r\n    <h2>Màn hình phá vỡ mọi khuôn khổ giới hạn</h2>\r\n    <p style="font-size: 22px;">Note9 phiên bản 512GB là chiếc Galaxy Note có màn hình lớn nhất từ trước đến nay với màn hình vô cực 6,4 inch độ phân giải Quad HD siêu sắc nét. Đây là màn hình được DisplayMate đánh giá là xuất sắc nhất thế giới smartphone hiện tại khi sở hữu độ chi tiết, độ sáng, độ tương phản vượt trội cùng màu sắc chính xác tuyệt đối. Tất cả các nội dung được hiển thị trên chiếc Galaxy Note 9 đều có chất lượng đỉnh cao, mang đến trải nghiệm xem tuyệt vời trong một chiếc máy thời trang nằm gọn hoàn hảo trong lòng bàn tay bạn.</p>\r\n    <h2>Tuyệt tác của thiết kế</h2>\r\n    <p style="font-size: 22px;">Samsung Note 9 có một vẻ đẹp thuần khiết với sự đơn giản và các đường nét sắc sảo trong thiết kế. Phần khung kim loại cứng cáp hoàn toàn liền lạc với hai mặt kính cong 3D, tạo nên một chiếc máy thoải mái kể cả khi bạn cầm nắm sử dụng bình thường cũng như khi thao tác với bút S Pen.</p>', '636451462274962810_800.jpg', 2790000, 'Lorem ipsum dolor sit amet, consectetur adipisicing elit. Aliquid, quo, minima, inventore voluptatum saepe quos nostrum provident.'),
(46, 9, 'Masstel Tab 825', ' <h1 style="text-align: center">Đánh giá chi tiết Samsung Galaxy Note 9 512GB</h1>\r\n    <p style="font-size: 22px;"><span style="color: blue">Samsung Note 9 512GB Blue </span>là chiếc điện thoại hoàn hảo nhất hiện nay với tất cả \r\ncác tính năng đều xuất sắc và bút S Pen thông minh hơn bao giờ hết.</p>\r\n    <h2>Trợ lý đắc lực S Pen</h2>\r\n    <p style="font-size: 22px;">S Pen trên Galaxy Note 9 512GB không chỉ mang lại cảm giác ghi chú, \r\n    viết vẽ như thật mà nó còn có rất nhiều tính năng hữu ích. Lần đầu tiên S Pen được kết nối Bluetooth với Note 9. Nhờ thế bạn có thể điều khiển nhạc, chụp ảnh từ xa, điều khiển bài thuyết trình và nhiều tác vụ thông minh khác bằng S Pen. S Pen sẽ là người trợ lý đắc lực cho bạn để thực hiện những thao tác nhanh và tiện lợi chỉ có ở Note9.</p>\r\n    <h2>Màn hình phá vỡ mọi khuôn khổ giới hạn</h2>\r\n    <p style="font-size: 22px;">Note9 phiên bản 512GB là chiếc Galaxy Note có màn hình lớn nhất từ trước đến nay với màn hình vô cực 6,4 inch độ phân giải Quad HD siêu sắc nét. Đây là màn hình được DisplayMate đánh giá là xuất sắc nhất thế giới smartphone hiện tại khi sở hữu độ chi tiết, độ sáng, độ tương phản vượt trội cùng màu sắc chính xác tuyệt đối. Tất cả các nội dung được hiển thị trên chiếc Galaxy Note 9 đều có chất lượng đỉnh cao, mang đến trải nghiệm xem tuyệt vời trong một chiếc máy thời trang nằm gọn hoàn hảo trong lòng bàn tay bạn.</p>\r\n    <h2>Tuyệt tác của thiết kế</h2>\r\n    <p style="font-size: 22px;">Samsung Note 9 có một vẻ đẹp thuần khiết với sự đơn giản và các đường nét sắc sảo trong thiết kế. Phần khung kim loại cứng cáp hoàn toàn liền lạc với hai mặt kính cong 3D, tạo nên một chiếc máy thoải mái kể cả khi bạn cầm nắm sử dụng bình thường cũng như khi thao tác với bút S Pen.</p>', '636082630576090304_800x800-825g.jpg', 2190000, 'Lorem ipsum dolor sit amet, consectetur adipisicing elit. Aliquid, quo, minima, inventore voluptatum saepe quos nostrum provident.'),
(47, 10, 'Samsung Galaxy Tab A 10.5', ' <h1 style="text-align: center">Đánh giá chi tiết Samsung Galaxy Note 9 512GB</h1>\r\n    <p style="font-size: 22px;"><span style="color: blue">Samsung Note 9 512GB Blue </span>là chiếc điện thoại hoàn hảo nhất hiện nay với tất cả \r\ncác tính năng đều xuất sắc và bút S Pen thông minh hơn bao giờ hết.</p>\r\n    <h2>Trợ lý đắc lực S Pen</h2>\r\n    <p style="font-size: 22px;">S Pen trên Galaxy Note 9 512GB không chỉ mang lại cảm giác ghi chú, \r\n    viết vẽ như thật mà nó còn có rất nhiều tính năng hữu ích. Lần đầu tiên S Pen được kết nối Bluetooth với Note 9. Nhờ thế bạn có thể điều khiển nhạc, chụp ảnh từ xa, điều khiển bài thuyết trình và nhiều tác vụ thông minh khác bằng S Pen. S Pen sẽ là người trợ lý đắc lực cho bạn để thực hiện những thao tác nhanh và tiện lợi chỉ có ở Note9.</p>\r\n    <h2>Màn hình phá vỡ mọi khuôn khổ giới hạn</h2>\r\n    <p style="font-size: 22px;">Note9 phiên bản 512GB là chiếc Galaxy Note có màn hình lớn nhất từ trước đến nay với màn hình vô cực 6,4 inch độ phân giải Quad HD siêu sắc nét. Đây là màn hình được DisplayMate đánh giá là xuất sắc nhất thế giới smartphone hiện tại khi sở hữu độ chi tiết, độ sáng, độ tương phản vượt trội cùng màu sắc chính xác tuyệt đối. Tất cả các nội dung được hiển thị trên chiếc Galaxy Note 9 đều có chất lượng đỉnh cao, mang đến trải nghiệm xem tuyệt vời trong một chiếc máy thời trang nằm gọn hoàn hảo trong lòng bàn tay bạn.</p>\r\n    <h2>Tuyệt tác của thiết kế</h2>\r\n    <p style="font-size: 22px;">Samsung Note 9 có một vẻ đẹp thuần khiết với sự đơn giản và các đường nét sắc sảo trong thiết kế. Phần khung kim loại cứng cáp hoàn toàn liền lạc với hai mặt kính cong 3D, tạo nên một chiếc máy thoải mái kể cả khi bạn cầm nắm sử dụng bình thường cũng như khi thao tác với bút S Pen.</p>', '636719128187685571_samsung-galaxy-tab-A105-anh-1.jpg', 10490000, 'Lorem ipsum dolor sit amet, consectetur adipisicing elit. Aliquid, quo, minima, inventore voluptatum saepe quos nostrum provident.'),
(48, 10, 'Samsung Galaxy Tab E', ' <h1 style="text-align: center">Đánh giá chi tiết Samsung Galaxy Note 9 512GB</h1>\r\n    <p style="font-size: 22px;"><span style="color: blue">Samsung Note 9 512GB Blue </span>là chiếc điện thoại hoàn hảo nhất hiện nay với tất cả \r\ncác tính năng đều xuất sắc và bút S Pen thông minh hơn bao giờ hết.</p>\r\n    <h2>Trợ lý đắc lực S Pen</h2>\r\n    <p style="font-size: 22px;">S Pen trên Galaxy Note 9 512GB không chỉ mang lại cảm giác ghi chú, \r\n    viết vẽ như thật mà nó còn có rất nhiều tính năng hữu ích. Lần đầu tiên S Pen được kết nối Bluetooth với Note 9. Nhờ thế bạn có thể điều khiển nhạc, chụp ảnh từ xa, điều khiển bài thuyết trình và nhiều tác vụ thông minh khác bằng S Pen. S Pen sẽ là người trợ lý đắc lực cho bạn để thực hiện những thao tác nhanh và tiện lợi chỉ có ở Note9.</p>\r\n    <h2>Màn hình phá vỡ mọi khuôn khổ giới hạn</h2>\r\n    <p style="font-size: 22px;">Note9 phiên bản 512GB là chiếc Galaxy Note có màn hình lớn nhất từ trước đến nay với màn hình vô cực 6,4 inch độ phân giải Quad HD siêu sắc nét. Đây là màn hình được DisplayMate đánh giá là xuất sắc nhất thế giới smartphone hiện tại khi sở hữu độ chi tiết, độ sáng, độ tương phản vượt trội cùng màu sắc chính xác tuyệt đối. Tất cả các nội dung được hiển thị trên chiếc Galaxy Note 9 đều có chất lượng đỉnh cao, mang đến trải nghiệm xem tuyệt vời trong một chiếc máy thời trang nằm gọn hoàn hảo trong lòng bàn tay bạn.</p>\r\n    <h2>Tuyệt tác của thiết kế</h2>\r\n    <p style="font-size: 22px;">Samsung Note 9 có một vẻ đẹp thuần khiết với sự đơn giản và các đường nét sắc sảo trong thiết kế. Phần khung kim loại cứng cáp hoàn toàn liền lạc với hai mặt kính cong 3D, tạo nên một chiếc máy thoải mái kể cả khi bạn cầm nắm sử dụng bình thường cũng như khi thao tác với bút S Pen.</p>', '635854292319162180_tabE-den-5.jpg', 3990000, 'Lorem ipsum dolor sit amet, consectetur adipisicing elit. Aliquid, quo, minima, inventore voluptatum saepe quos nostrum provident.'),
(49, 10, 'Samsung Galaxy Tab A 8.0 (2017)', ' <h1 style="text-align: center">Đánh giá chi tiết Samsung Galaxy Note 9 512GB</h1>\r\n    <p style="font-size: 22px;"><span style="color: blue">Samsung Note 9 512GB Blue </span>là chiếc điện thoại hoàn hảo nhất hiện nay với tất cả \r\ncác tính năng đều xuất sắc và bút S Pen thông minh hơn bao giờ hết.</p>\r\n    <h2>Trợ lý đắc lực S Pen</h2>\r\n    <p style="font-size: 22px;">S Pen trên Galaxy Note 9 512GB không chỉ mang lại cảm giác ghi chú, \r\n    viết vẽ như thật mà nó còn có rất nhiều tính năng hữu ích. Lần đầu tiên S Pen được kết nối Bluetooth với Note 9. Nhờ thế bạn có thể điều khiển nhạc, chụp ảnh từ xa, điều khiển bài thuyết trình và nhiều tác vụ thông minh khác bằng S Pen. S Pen sẽ là người trợ lý đắc lực cho bạn để thực hiện những thao tác nhanh và tiện lợi chỉ có ở Note9.</p>\r\n    <h2>Màn hình phá vỡ mọi khuôn khổ giới hạn</h2>\r\n    <p style="font-size: 22px;">Note9 phiên bản 512GB là chiếc Galaxy Note có màn hình lớn nhất từ trước đến nay với màn hình vô cực 6,4 inch độ phân giải Quad HD siêu sắc nét. Đây là màn hình được DisplayMate đánh giá là xuất sắc nhất thế giới smartphone hiện tại khi sở hữu độ chi tiết, độ sáng, độ tương phản vượt trội cùng màu sắc chính xác tuyệt đối. Tất cả các nội dung được hiển thị trên chiếc Galaxy Note 9 đều có chất lượng đỉnh cao, mang đến trải nghiệm xem tuyệt vời trong một chiếc máy thời trang nằm gọn hoàn hảo trong lòng bàn tay bạn.</p>\r\n    <h2>Tuyệt tác của thiết kế</h2>\r\n    <p style="font-size: 22px;">Samsung Note 9 có một vẻ đẹp thuần khiết với sự đơn giản và các đường nét sắc sảo trong thiết kế. Phần khung kim loại cứng cáp hoàn toàn liền lạc với hai mặt kính cong 3D, tạo nên một chiếc máy thoải mái kể cả khi bạn cầm nắm sử dụng bình thường cũng như khi thao tác với bút S Pen.</p>', '636451322761742686_1.jpg', 5490000, 'Lorem ipsum dolor sit amet, consectetur adipisicing elit. Aliquid, quo, minima, inventore voluptatum saepe quos nostrum provident.');
INSERT INTO `sanpham` (`id`, `idLoaiSanPham`, `tieude`, `noidung`, `image`, `gia`, `tomtat`) VALUES
(50, 10, 'Samsung Galaxy Tab A6 10.1 (2016) - Spen', ' <h1 style="text-align: center">Đánh giá chi tiết Samsung Galaxy Note 9 512GB</h1>\r\n    <p style="font-size: 22px;"><span style="color: blue">Samsung Note 9 512GB Blue </span>là chiếc điện thoại hoàn hảo nhất hiện nay với tất cả \r\ncác tính năng đều xuất sắc và bút S Pen thông minh hơn bao giờ hết.</p>\r\n    <h2>Trợ lý đắc lực S Pen</h2>\r\n    <p style="font-size: 22px;">S Pen trên Galaxy Note 9 512GB không chỉ mang lại cảm giác ghi chú, \r\n    viết vẽ như thật mà nó còn có rất nhiều tính năng hữu ích. Lần đầu tiên S Pen được kết nối Bluetooth với Note 9. Nhờ thế bạn có thể điều khiển nhạc, chụp ảnh từ xa, điều khiển bài thuyết trình và nhiều tác vụ thông minh khác bằng S Pen. S Pen sẽ là người trợ lý đắc lực cho bạn để thực hiện những thao tác nhanh và tiện lợi chỉ có ở Note9.</p>\r\n    <h2>Màn hình phá vỡ mọi khuôn khổ giới hạn</h2>\r\n    <p style="font-size: 22px;">Note9 phiên bản 512GB là chiếc Galaxy Note có màn hình lớn nhất từ trước đến nay với màn hình vô cực 6,4 inch độ phân giải Quad HD siêu sắc nét. Đây là màn hình được DisplayMate đánh giá là xuất sắc nhất thế giới smartphone hiện tại khi sở hữu độ chi tiết, độ sáng, độ tương phản vượt trội cùng màu sắc chính xác tuyệt đối. Tất cả các nội dung được hiển thị trên chiếc Galaxy Note 9 đều có chất lượng đỉnh cao, mang đến trải nghiệm xem tuyệt vời trong một chiếc máy thời trang nằm gọn hoàn hảo trong lòng bàn tay bạn.</p>\r\n    <h2>Tuyệt tác của thiết kế</h2>\r\n    <p style="font-size: 22px;">Samsung Note 9 có một vẻ đẹp thuần khiết với sự đơn giản và các đường nét sắc sảo trong thiết kế. Phần khung kim loại cứng cáp hoàn toàn liền lạc với hai mặt kính cong 3D, tạo nên một chiếc máy thoải mái kể cả khi bạn cầm nắm sử dụng bình thường cũng như khi thao tác với bút S Pen.</p>', '636106503999440631_tabA-10inch-spen-trang-1.jpg', 7490000, 'Lorem ipsum dolor sit amet, consectetur adipisicing elit. Aliquid, quo, minima, inventore voluptatum saepe quos nostrum provident.'),
(51, 10, 'Samsung Galaxy Tab S4 10.5 inch S-Pen', ' <h1 style="text-align: center">Đánh giá chi tiết Samsung Galaxy Note 9 512GB</h1>\r\n    <p style="font-size: 22px;"><span style="color: blue">Samsung Note 9 512GB Blue </span>là chiếc điện thoại hoàn hảo nhất hiện nay với tất cả \r\ncác tính năng đều xuất sắc và bút S Pen thông minh hơn bao giờ hết.</p>\r\n    <h2>Trợ lý đắc lực S Pen</h2>\r\n    <p style="font-size: 22px;">S Pen trên Galaxy Note 9 512GB không chỉ mang lại cảm giác ghi chú, \r\n    viết vẽ như thật mà nó còn có rất nhiều tính năng hữu ích. Lần đầu tiên S Pen được kết nối Bluetooth với Note 9. Nhờ thế bạn có thể điều khiển nhạc, chụp ảnh từ xa, điều khiển bài thuyết trình và nhiều tác vụ thông minh khác bằng S Pen. S Pen sẽ là người trợ lý đắc lực cho bạn để thực hiện những thao tác nhanh và tiện lợi chỉ có ở Note9.</p>\r\n    <h2>Màn hình phá vỡ mọi khuôn khổ giới hạn</h2>\r\n    <p style="font-size: 22px;">Note9 phiên bản 512GB là chiếc Galaxy Note có màn hình lớn nhất từ trước đến nay với màn hình vô cực 6,4 inch độ phân giải Quad HD siêu sắc nét. Đây là màn hình được DisplayMate đánh giá là xuất sắc nhất thế giới smartphone hiện tại khi sở hữu độ chi tiết, độ sáng, độ tương phản vượt trội cùng màu sắc chính xác tuyệt đối. Tất cả các nội dung được hiển thị trên chiếc Galaxy Note 9 đều có chất lượng đỉnh cao, mang đến trải nghiệm xem tuyệt vời trong một chiếc máy thời trang nằm gọn hoàn hảo trong lòng bàn tay bạn.</p>\r\n    <h2>Tuyệt tác của thiết kế</h2>\r\n    <p style="font-size: 22px;">Samsung Note 9 có một vẻ đẹp thuần khiết với sự đơn giản và các đường nét sắc sảo trong thiết kế. Phần khung kim loại cứng cáp hoàn toàn liền lạc với hai mặt kính cong 3D, tạo nên một chiếc máy thoải mái kể cả khi bạn cầm nắm sử dụng bình thường cũng như khi thao tác với bút S Pen.</p>', '636733811405304690_uk-galaxy-tabs4-t830-sm-t830nzaabtu-gray-Grey-1107.jpg', 17990000, 'Lorem ipsum dolor sit amet, consectetur adipisicing elit. Aliquid, quo, minima, inventore voluptatum saepe quos nostrum provident.'),
(52, 1, 'SamSung a54', 'rhrhwofwo', '54786458-1-pdpxl.jpeg', 10000, 'đwdj');

-- --------------------------------------------------------

--
-- Cấu trúc bảng cho bảng `user`
--

CREATE TABLE `user` (
  `id` int(10) NOT NULL,
  `name` varchar(255) COLLATE utf8_unicode_ci NOT NULL,
  `email` varchar(255) COLLATE utf8_unicode_ci NOT NULL,
  `password` varchar(255) COLLATE utf8_unicode_ci NOT NULL,
  `phone` varchar(15) COLLATE utf8_unicode_ci NOT NULL
) ENGINE=InnoDB DEFAULT CHARSET=utf8 COLLATE=utf8_unicode_ci;

--
-- Đang đổ dữ liệu cho bảng `user`
--

INSERT INTO `user` (`id`, `name`, `email`, `password`, `phone`) VALUES
(1, 'hoa', 'hoanguyen@gmail.com', 'c4ca4238a0b923820dcc509a6f75849b', '434'),
(3, 'Hoàng Phi', 'hoangphi@gmail.com', 'c4ca4238a0b923820dcc509a6f75849b', '04923923'),
(5, 'Phú', 'baphu@gmail.com', 'c4ca4238a0b923820dcc509a6f75849b', '2131133');

--
-- Chỉ mục cho các bảng đã đổ
--

--
-- Chỉ mục cho bảng `admin`
--
ALTER TABLE `admin`
  ADD PRIMARY KEY (`email`);

--
-- Chỉ mục cho bảng `giohang`
--
ALTER TABLE `giohang`
  ADD PRIMARY KEY (`id`),
  ADD KEY `FK_iduser_id` (`iduser`),
  ADD KEY `FK_idsanpham_id` (`idsanpham`);

--
-- Chỉ mục cho bảng `loaisanpham`
--
ALTER TABLE `loaisanpham`
  ADD PRIMARY KEY (`id`),
  ADD KEY `FK_idmathang_id` (`idMatHang`);

--
-- Chỉ mục cho bảng `mathang`
--
ALTER TABLE `mathang`
  ADD PRIMARY KEY (`id`);

--
-- Chỉ mục cho bảng `sanpham`
--
ALTER TABLE `sanpham`
  ADD PRIMARY KEY (`id`),
  ADD KEY `FK_idLoaiSanPham_id` (`idLoaiSanPham`);

--
-- Chỉ mục cho bảng `user`
--
ALTER TABLE `user`
  ADD PRIMARY KEY (`id`);

--
-- AUTO_INCREMENT cho các bảng đã đổ
--

--
-- AUTO_INCREMENT cho bảng `giohang`
--
ALTER TABLE `giohang`
  MODIFY `id` int(10) NOT NULL AUTO_INCREMENT, AUTO_INCREMENT=11;
--
-- AUTO_INCREMENT cho bảng `loaisanpham`
--
ALTER TABLE `loaisanpham`
  MODIFY `id` int(10) NOT NULL AUTO_INCREMENT, AUTO_INCREMENT=11;
--
-- AUTO_INCREMENT cho bảng `mathang`
--
ALTER TABLE `mathang`
  MODIFY `id` int(10) NOT NULL AUTO_INCREMENT, AUTO_INCREMENT=4;
--
-- AUTO_INCREMENT cho bảng `sanpham`
--
ALTER TABLE `sanpham`
  MODIFY `id` int(10) NOT NULL AUTO_INCREMENT, AUTO_INCREMENT=53;
--
-- AUTO_INCREMENT cho bảng `user`
--
ALTER TABLE `user`
  MODIFY `id` int(10) NOT NULL AUTO_INCREMENT, AUTO_INCREMENT=6;
--
-- Các ràng buộc cho các bảng đã đổ
--

--
-- Các ràng buộc cho bảng `giohang`
--
ALTER TABLE `giohang`
  ADD CONSTRAINT `FK_idsanpham_id` FOREIGN KEY (`idsanpham`) REFERENCES `sanpham` (`id`),
  ADD CONSTRAINT `FK_iduser_id` FOREIGN KEY (`iduser`) REFERENCES `user` (`id`);

--
-- Các ràng buộc cho bảng `loaisanpham`
--
ALTER TABLE `loaisanpham`
  ADD CONSTRAINT `FK_idmathang_id` FOREIGN KEY (`idMatHang`) REFERENCES `mathang` (`id`);

--
-- Các ràng buộc cho bảng `sanpham`
--
ALTER TABLE `sanpham`
  ADD CONSTRAINT `FK_idLoaiSanPham_id` FOREIGN KEY (`idLoaiSanPham`) REFERENCES `loaisanpham` (`id`);

/*!40101 SET CHARACTER_SET_CLIENT=@OLD_CHARACTER_SET_CLIENT */;
/*!40101 SET CHARACTER_SET_RESULTS=@OLD_CHARACTER_SET_RESULTS */;
/*!40101 SET COLLATION_CONNECTION=@OLD_COLLATION_CONNECTION */;
